fill_type,base_price_per_kl,MAR,APR,MAY,JUN,JUL,AUG,SEP,OCT,NOV,DEC,JAN,FEB,annual_average_per_kl
AIR,0.0,0.0,0.0,0.0,0.0,0.0,0.0,0.0,0.0,0.0,0.0,0.0,0.0,0.0
BALE_NET,1000.0,1000.0,1000.0,1000.0,1000.0,1000.0,1000.0,1000.0,1000.0,1000.0,1000.0,1000.0,1000.0,1000.0
BALE_TWINE,1000.0,1000.0,1000.0,1000.0,1000.0,1000.0,1000.0,1000.0,1000.0,1000.0,1000.0,1000.0,1000.0,1000.0
BALE_WRAP,1000.0,1000.0,1000.0,1000.0,1000.0,1000.0,1000.0,1000.0,1000.0,1000.0,1000.0,1000.0,1000.0,1000.0
BARLEY,313.0,313.0,334.91,309.87,294.21999999999997,266.05,253.53000000000003,269.18,309.87,338.04,353.68999999999994,378.72999999999996,338.04,313.2608333333333
BARLEY_CUT,41.0,41.0,41.0,41.0,41.0,41.0,41.0,41.0,41.0,41.0,41.0,41.0,41.0,41.0
BARREL,1780.0,1780.0,1780.0,1780.0,1780.0,1780.0,1780.0,1780.0,1780.0,1780.0,1780.0,1780.0,1780.0,1780.0
BATHTUB,1710.0,1710.0,1710.0,1710.0,1710.0,1710.0,1710.0,1710.0,1710.0,1710.0,1710.0,1710.0,1710.0,1710.0
BEETROOT,122.0,128.1,122.0,115.89999999999999,109.8,115.89999999999999,122.0,122.0,122.0,128.1,134.20000000000002,140.29999999999998,134.20000000000002,124.54166666666667
BOARDS,1300.0,1144.0,1196.0,1326.0,1352.0,1430.0000000000002,1339.0,1313.0,1261.0,1235.0,1209.0,1183.0,1170.0,1263.1666666666667
BREAD,1650.0,1650.0,1765.5,1633.5,1551.0,1402.5,1336.5,1419.0,1633.5,1782.0000000000002,1864.4999999999998,1996.5,1782.0000000000002,1651.375
BUCKET,1290.0,1290.0,1290.0,1290.0,1290.0,1290.0,1290.0,1290.0,1290.0,1290.0,1290.0,1290.0,1290.0,1290.0
BUFFALOMILK,3500.0,3710.0,3535.0,3360.0,3150.0,3325.0,3325.0,3605.0,3815.0000000000005,3430.0,3360.0,3780.0000000000005,3745.0,3511.6666666666665
BUFFALOMILK_BOTTLED,2490.0,2639.4,2514.9,2390.4,2241.0,2365.5,2365.5,2564.7000000000003,2714.1000000000004,2440.2,2390.4,2689.2000000000003,2664.3,2498.3
BUFFALOMOZZARELLA,7500.0,7950.0,7575.0,7200.0,6750.0,7125.0,7125.0,7725.0,8175.000000000001,7350.0,7200.0,8100.000000000001,8025.000000000001,7525.0
BUTTER,1120.0,1187.2,1131.2,1075.2,1008.0,1064.0,1064.0,1153.6000000000001,1220.8000000000002,1097.6,1075.2,1209.6000000000001,1198.4,1123.7333333333333
CAKE,3300.0,3498.0,3333.0,3168.0,2970.0,3135.0,3135.0,3399.0,3597.0000000000005,3234.0,3168.0,3564.0000000000005,3531.0,3311.0
CANNED_PEAS,2596.0,2596.0,2596.0,2596.0,2596.0,2596.0,2596.0,2596.0,2596.0,2596.0,2596.0,2596.0,2596.0,2596.0
CANOLA,603.0,645.21,596.97,566.8199999999999,512.55,488.43,518.58,596.97,651.24,681.39,729.63,651.24,603.0,603.5024999999999
CANOLA_CUT,41.0,41.0,41.0,41.0,41.0,41.0,41.0,41.0,41.0,41.0,41.0,41.0,41.0,41.0
CANOLA_OIL,1640.0,1754.8000000000002,1623.6,1541.6,1394.0,1328.4,1410.4,1623.6,1771.2,1853.1999999999998,1984.3999999999999,1771.2,1640.0,1641.3666666666668
CARROT,132.0,138.6,132.0,125.39999999999999,118.8,125.39999999999999,132.0,132.0,132.0,138.6,145.20000000000002,151.79999999999998,145.20000000000002,134.75
CARTONROLL,2900.0,2900.0,2900.0,2900.0,2900.0,2900.0,2900.0,2900.0,2900.0,2900.0,2900.0,2900.0,2900.0,2900.0
CEMENT,1050.0,1050.0,1050.0,1050.0,1050.0,1050.0,1050.0,1050.0,1050.0,1050.0,1050.0,1050.0,1050.0,1050.0
CEMENTBRICKS,1580.0,1580.0,1580.0,1580.0,1580.0,1580.0,1580.0,1580.0,1580.0,1580.0,1580.0,1580.0,1580.0,1580.0
CEREAL,3800.0,4256.0,4104.0,3648.0,3800.0,3572.0,3876.0,3458.0,3838.0,3686.0,3800.0,3914.0,4066.0000000000005,3834.8333333333335
CHAFF,42.0,45.36,43.68,42.0,40.32,42.0,39.9,39.06,44.52,45.36,46.620000000000005,47.040000000000006,47.459999999999994,43.61000000000001
CHEESE,1800.0,1908.0,1818.0,1728.0,1620.0,1710.0,1710.0,1854.0,1962.0000000000002,1764.0,1728.0,1944.0000000000002,1926.0,1806.0
CHICKEN,0.0,0.0,0.0,0.0,0.0,0.0,0.0,0.0,0.0,0.0,0.0,0.0,0.0,0.0
CHICKEN_ROOSTER,0.0,0.0,0.0,0.0,0.0,0.0,0.0,0.0,0.0,0.0,0.0,0.0,0.0,0.0
CHILLI,450.0,472.5,468.0,450.0,445.5,423.0,445.5,414.0,405.0,441.0,454.5,486.00000000000006,508.49999999999994,451.125
CHOCOLATE,2000.0,1980.0,2040.0,2080.0,2160.0,1880.0,1840.0,1900.0,1820.0,1920.0,2000.0,2080.0,2160.0,1988.3333333333333
CLOTHES,8500.0,9605.0,10625.0,10965.0,10115.0,8415.0,7735.0,6885.0,6545.0,7225.0,8075.0,7905.0,8245.0,8528.333333333334
COTTON,1252.0,1389.72,1289.56,1277.04,1277.04,1151.8400000000001,1126.8,1089.24,1277.04,1277.04,1302.0800000000002,1226.96,1339.64,1252.0
COW_ANGUS,5000000.0,5000000.0,5000000.0,5000000.0,5000000.0,5000000.0,5000000.0,5000000.0,5000000.0,5000000.0,5000000.0,5000000.0,5000000.0,5000000.0
COW_HIGHLAND_CATTLE,5000000.0,5000000.0,5000000.0,5000000.0,5000000.0,5000000.0,5000000.0,5000000.0,5000000.0,5000000.0,5000000.0,5000000.0,5000000.0,5000000.0
COW_HOLSTEIN,5000000.0,5000000.0,5000000.0,5000000.0,5000000.0,5000000.0,5000000.0,5000000.0,5000000.0,5000000.0,5000000.0,5000000.0,5000000.0,5000000.0
COW_LIMOUSIN,5000000.0,5000000.0,5000000.0,5000000.0,5000000.0,5000000.0,5000000.0,5000000.0,5000000.0,5000000.0,5000000.0,5000000.0,5000000.0,5000000.0
COW_SWISS_BROWN,5000000.0,5000000.0,5000000.0,5000000.0,5000000.0,5000000.0,5000000.0,5000000.0,5000000.0,5000000.0,5000000.0,5000000.0,5000000.0,5000000.0
COW_WATERBUFFALO,5000000.0,5000000.0,5000000.0,5000000.0,5000000.0,5000000.0,5000000.0,5000000.0,5000000.0,5000000.0,5000000.0,5000000.0,5000000.0,5000000.0
DEF,900.0,900.0,900.0,900.0,900.0,900.0,900.0,900.0,900.0,900.0,900.0,900.0,900.0,900.0
DIESEL,1500.0,1500.0,1500.0,1500.0,1500.0,1500.0,1500.0,1500.0,1500.0,1500.0,1500.0,1500.0,1500.0,1500.0
DIGESTATE,33.0,34.980000000000004,33.99,32.01,30.360000000000003,29.37,29.37,30.69,32.339999999999996,34.65,35.64,36.63,36.63,33.055
DRYGRASS,48.0,50.400000000000006,48.96,46.08,44.64,43.2,43.2,44.64,47.519999999999996,50.400000000000006,51.84,53.28,53.28,48.120000000000005
DRYGRASS_WINDROW,56.0,58.800000000000004,57.120000000000005,53.76,52.080000000000005,50.4,50.4,52.080000000000005,55.44,58.800000000000004,60.480000000000004,62.160000000000004,62.160000000000004,56.14000000000001
EGG,1120.0,884.8000000000001,795.1999999999999,1019.2,1232.0,1243.2,1052.8,1052.8,1153.6000000000001,1400.0,1355.2,1209.6000000000001,1019.2,1118.1333333333334
ELECTRICCHARGE,350.0,350.0,350.0,350.0,350.0,350.0,350.0,350.0,350.0,350.0,350.0,350.0,350.0,350.0
ENOKI,420.0,441.0,436.8,420.0,415.8,394.79999999999995,415.8,386.40000000000003,378.0,411.59999999999997,424.2,453.6,474.59999999999997,421.05
FABRIC,4000.0,4520.0,5000.0,5160.0,4760.0,3960.0,3640.0,3240.0,3080.0,3400.0,3800.0,3720.0,3880.0,4013.3333333333335
FERMENTEDNAPACABBAGE,650.0,650.0,650.0,650.0,650.0,650.0,650.0,650.0,650.0,650.0,650.0,650.0,650.0,650.0
FERTILIZER,1600.0,1600.0,1600.0,1600.0,1600.0,1600.0,1600.0,1600.0,1600.0,1600.0,1600.0,1600.0,1600.0,1600.0
FLOUR,690.0,690.0,738.3000000000001,683.1,648.5999999999999,586.5,558.9000000000001,593.4,683.1,745.2,779.6999999999999,834.9,745.2,690.5749999999999
FORAGE,124.0,124.0,124.0,124.0,124.0,124.0,124.0,124.0,124.0,124.0,124.0,124.0,124.0,124.0
FORAGE_MIXING,39.0,39.0,39.0,39.0,39.0,39.0,39.0,39.0,39.0,39.0,39.0,39.0,39.0,39.0
FURNITURE,1950.0,1716.0,1794.0,1989.0,2028.0,2145.0,2008.5,1969.5,1891.5,1852.5,1813.5,1774.5,1755.0,1894.75
GARLIC,450.0,472.5,468.0,450.0,445.5,423.0,445.5,414.0,405.0,441.0,454.5,486.00000000000006,508.49999999999994,451.125
GOAT,0.0,0.0,0.0,0.0,0.0,0.0,0.0,0.0,0.0,0.0,0.0,0.0,0.0,0.0
GOATCHEESE,1760.0,1865.6000000000001,1777.6,1689.6,1584.0,1672.0,1672.0,1812.8,1918.4,1724.8,1689.6,1900.8000000000002,1883.2,1765.8666666666668
GOATMILK,2820.0,2989.2000000000003,2848.2,2707.2,2538.0,2679.0,2679.0,2904.6,3073.8,2763.6,2707.2,3045.6000000000004,3017.4,2829.4
GOATMILK_BOTTLED,2110.0,2236.6,2131.1,2025.6,1899.0,2004.5,2004.5,2173.3,2299.9,2067.8,2025.6,2278.8,2257.7000000000003,2117.0333333333333
GRAPE,603.0,633.15,651.24,723.6,663.3000000000001,621.09,560.7900000000001,524.61,452.25,506.52,530.64,572.85,596.97,586.4175
GRAPEJUICE,1650.0,1683.0,1716.0,1732.5,1633.5,1551.0,1633.5,1683.0,1732.5,1782.0000000000002,1666.5,1584.0,1848.0000000000002,1687.125
GRASS,45.0,47.25,45.9,43.199999999999996,41.85,40.5,40.5,41.85,44.55,47.25,48.6,49.95,49.95,45.112500000000004
GRASS_WINDROW,45.0,47.25,45.9,43.199999999999996,41.85,40.5,40.5,41.85,44.55,47.25,48.6,49.95,49.95,45.112500000000004
GREENBEAN,720.0,676.8,676.8,691.1999999999999,727.2,727.2,756.0,748.8000000000001,756.0,748.8000000000001,734.4,727.2,698.4,722.4
HERBICIDE,1200.0,1200.0,1200.0,1200.0,1200.0,1200.0,1200.0,1200.0,1200.0,1200.0,1200.0,1200.0,1200.0,1200.0
HONEY,1000.0,1120.0,1080.0,1010.0,1000.0,960.0,930.0,910.0,940.0,970.0,1000.0,1030.0,1070.0,1001.6666666666666
HORSE_BAY,0.0,0.0,0.0,0.0,0.0,0.0,0.0,0.0,0.0,0.0,0.0,0.0,0.0,0.0
HORSE_BLACK,0.0,0.0,0.0,0.0,0.0,0.0,0.0,0.0,0.0,0.0,0.0,0.0,0.0,0.0
HORSE_CHESTNUT,0.0,0.0,0.0,0.0,0.0,0.0,0.0,0.0,0.0,0.0,0.0,0.0,0.0,0.0
HORSE_DUN,0.0,0.0,0.0,0.0,0.0,0.0,0.0,0.0,0.0,0.0,0.0,0.0,0.0,0.0
HORSE_GRAY,0.0,0.0,0.0,0.0,0.0,0.0,0.0,0.0,0.0,0.0,0.0,0.0,0.0,0.0
HORSE_PALOMINO,0.0,0.0,0.0,0.0,0.0,0.0,0.0,0.0,0.0,0.0,0.0,0.0,0.0,0.0
HORSE_PINTO,0.0,0.0,0.0,0.0,0.0,0.0,0.0,0.0,0.0,0.0,0.0,0.0,0.0,0.0
HORSE_SEAL_BROWN,0.0,0.0,0.0,0.0,0.0,0.0,0.0,0.0,0.0,0.0,0.0,0.0,0.0,0.0
JARRED_GREENBEAN,1886.0,1886.0,1886.0,1886.0,1886.0,1886.0,1886.0,1886.0,1886.0,1886.0,1886.0,1886.0,1886.0,1886.0
LETTUCE,990.0,1039.5,1029.6000000000001,990.0,980.1,930.5999999999999,980.1,910.8000000000001,891.0,970.1999999999999,999.9,1069.2,1118.6999999999998,992.475
LIME,225.0,225.0,225.0,225.0,225.0,225.0,225.0,225.0,225.0,225.0,225.0,225.0,225.0,225.0
LIQUIDFERTILIZER,1200.0,1200.0,1200.0,1200.0,1200.0,1200.0,1200.0,1200.0,1200.0,1200.0,1200.0,1200.0,1200.0,1200.0
LIQUIDMANURE,33.0,34.980000000000004,33.99,32.01,30.360000000000003,29.37,29.37,30.69,32.339999999999996,34.65,35.64,36.63,36.63,33.055
LIQUIDSEEDTREATMENT,700.0,665.0,679.0,700.0,700.0,735.0,770.0000000000001,804.9999999999999,770.0000000000001,770.0000000000001,735.0,700.0,679.0,725.6666666666666
MAIZE,380.0,425.6,410.40000000000003,395.2,433.2,497.8,372.4,334.4,269.8,231.79999999999998,349.6,505.40000000000003,372.4,383.1666666666667
MANURE,33.0,34.980000000000004,33.99,32.01,30.360000000000003,29.37,29.37,30.69,32.339999999999996,34.65,35.64,36.63,36.63,33.055
MEADOW,45.0,45.0,45.0,45.0,45.0,45.0,45.0,45.0,45.0,45.0,45.0,45.0,45.0,45.0
METHANE,450.0,450.0,450.0,450.0,450.0,450.0,450.0,450.0,450.0,450.0,450.0,450.0,450.0,450.0
MILK,700.0,742.0,707.0,672.0,630.0,665.0,665.0,721.0,763.0,686.0,672.0,756.0,749.0,702.3333333333334
MILK_BOTTLED,580.0,614.8000000000001,585.8,556.8,522.0,551.0,551.0,597.4,632.2,568.4,556.8,626.4000000000001,620.6,581.9333333333333
MINERAL_FEED,1200.0,1200.0,1200.0,1200.0,1200.0,1200.0,1200.0,1200.0,1200.0,1200.0,1200.0,1200.0,1200.0,1200.0
NAPACABBAGE,350.0,367.5,364.0,350.0,346.5,329.0,346.5,322.0,315.0,343.0,353.5,378.0,395.49999999999994,350.875
NOODLESOUP,1550.0,1550.0,1550.0,1550.0,1550.0,1550.0,1550.0,1550.0,1550.0,1550.0,1550.0,1550.0,1550.0,1550.0
OAT,532.0,532.0,569.24,526.68,500.08,452.2,430.92,457.52,526.68,574.5600000000001,601.16,643.72,574.5600000000001,532.4433333333333
OAT_CUT,41.0,41.0,41.0,41.0,41.0,41.0,41.0,41.0,41.0,41.0,41.0,41.0,41.0,41.0
OILSEEDRADISH,250.0,250.0,250.0,250.0,250.0,250.0,250.0,250.0,250.0,250.0,250.0,250.0,250.0,250.0
OLIVE,603.0,596.97,633.15,651.24,723.6,663.3000000000001,621.09,560.7900000000001,524.61,452.25,506.52,530.64,572.85,586.4175
OLIVE_OIL,2440.0,2415.6,2562.0,2635.2000000000003,2928.0,2684.0,2513.2000000000003,2269.2000000000003,2122.8,1830.0,2049.6,2147.2,2318.0,2372.9
OYSTER,865.0,908.25,899.6,865.0,856.35,813.0999999999999,856.35,795.8000000000001,778.5,847.6999999999999,873.65,934.2,977.4499999999999,867.1625
PAPERROLL,3200.0,3200.0,3200.0,3200.0,3200.0,3200.0,3200.0,3200.0,3200.0,3200.0,3200.0,3200.0,3200.0,3200.0
PARSNIP,131.0,137.55,131.0,124.44999999999999,117.9,124.44999999999999,131.0,131.0,131.0,137.55,144.10000000000002,150.64999999999998,144.10000000000002,133.72916666666666
PEA,1040.0,1019.1999999999999,977.5999999999999,1019.1999999999999,1060.8,1040.0,1040.0,1040.0,1081.6000000000001,1123.2,1144.0,1102.4,1060.8,1059.0666666666666
PIGFOOD,1400.0,1400.0,1400.0,1400.0,1400.0,1400.0,1400.0,1400.0,1400.0,1400.0,1400.0,1400.0,1400.0,1400.0
PIG_BERKSHIRE,3000000.0,3000000.0,3000000.0,3000000.0,3000000.0,3000000.0,3000000.0,3000000.0,3000000.0,3000000.0,3000000.0,3000000.0,3000000.0,3000000.0
PIG_BLACK_PIED,3000000.0,3000000.0,3000000.0,3000000.0,3000000.0,3000000.0,3000000.0,3000000.0,3000000.0,3000000.0,3000000.0,3000000.0,3000000.0,3000000.0
PIG_LANDRACE,3000000.0,3000000.0,3000000.0,3000000.0,3000000.0,3000000.0,3000000.0,3000000.0,3000000.0,3000000.0,3000000.0,3000000.0,3000000.0,3000000.0
PLANKS,1941.0,1941.0,1941.0,1941.0,1941.0,1941.0,1941.0,1941.0,1941.0,1941.0,1941.0,1941.0,1941.0,1941.0
POPLAR,40.0,40.0,40.0,40.0,40.0,40.0,40.0,40.0,40.0,40.0,40.0,40.0,40.0,40.0
POTATO,222.0,222.0,210.89999999999998,199.8,210.89999999999998,222.0,222.0,222.0,233.10000000000002,244.20000000000002,255.29999999999998,244.20000000000002,233.10000000000002,226.625
POTATOCHIPS,1500.0,1500.0,1500.0,1500.0,1500.0,1500.0,1500.0,1500.0,1500.0,1500.0,1500.0,1500.0,1500.0,1500.0
PREFABWALL,4950.0,4950.0,4950.0,4950.0,4950.0,4950.0,4950.0,4950.0,4950.0,4950.0,4950.0,4950.0,4950.0,4950.0
PRESERVEDBEETROOT,560.0,560.0,560.0,560.0,560.0,560.0,560.0,560.0,560.0,560.0,560.0,560.0,560.0,560.0
PRESERVEDCARROTS,580.0,580.0,580.0,580.0,580.0,580.0,580.0,580.0,580.0,580.0,580.0,580.0,580.0,580.0
PRESERVEDPARSNIP,578.0,578.0,578.0,578.0,578.0,578.0,578.0,578.0,578.0,578.0,578.0,578.0,578.0,578.0
RAISINS,1630.0,1760.4,1744.1000000000001,1711.5,1581.1,1532.1999999999998,1613.7,1793.0000000000002,1809.3000000000002,1727.8000000000002,1548.5,1483.3,1613.7,1659.8833333333334
RICE,1100.0,1034.0,1056.0,1111.0,1111.0,1155.0,1144.0,1155.0,1144.0,1122.0,1111.0,1067.0,1034.0,1103.6666666666667
RICEFLOUR,910.0,910.0,973.7,900.9,855.4,773.5,737.1,782.6,900.9,982.8000000000001,1028.3,1101.1,982.8000000000001,910.7583333333333
RICELONGGRAIN,530.0,498.2,508.79999999999995,535.3,535.3,556.5,551.2,556.5,551.2,540.6,535.3,514.1,498.2,531.7666666666667
RICEROLLS,1550.0,1550.0,1550.0,1550.0,1550.0,1550.0,1550.0,1550.0,1550.0,1550.0,1550.0,1550.0,1550.0,1550.0
RICESAPLINGS,3330.0,3330.0,3330.0,3330.0,3330.0,3330.0,3330.0,3330.0,3330.0,3330.0,3330.0,3330.0,3330.0,3330.0
RICE_BAGS,1464.0,1464.0,1464.0,1464.0,1464.0,1464.0,1464.0,1464.0,1464.0,1464.0,1464.0,1464.0,1464.0,1464.0
RICE_BOXES,2730.0,2730.0,2730.0,2730.0,2730.0,2730.0,2730.0,2730.0,2730.0,2730.0,2730.0,2730.0,2730.0,2730.0
RICE_OIL,1780.0,1762.2,1869.0,1922.4,2136.0,1958.0000000000002,1833.4,1655.4,1548.6,1335.0,1495.2,1566.4,1691.0,1731.0500000000002
ROADSALT,0.0,0.0,0.0,0.0,0.0,0.0,0.0,0.0,0.0,0.0,0.0,0.0,0.0,0.0
ROOFPLATES,1580.0,1580.0,1580.0,1580.0,1580.0,1580.0,1580.0,1580.0,1580.0,1580.0,1580.0,1580.0,1580.0,1580.0
ROPE,5050.0,5050.0,5050.0,5050.0,5050.0,5050.0,5050.0,5050.0,5050.0,5050.0,5050.0,5050.0,5050.0,5050.0
ROUNDBALE,1000.0,1000.0,1000.0,1000.0,1000.0,1000.0,1000.0,1000.0,1000.0,1000.0,1000.0,1000.0,1000.0,1000.0
ROUNDBALE_COTTON,1000.0,1000.0,1000.0,1000.0,1000.0,1000.0,1000.0,1000.0,1000.0,1000.0,1000.0,1000.0,1000.0,1000.0
ROUNDBALE_DRYGRASS,1000.0,1000.0,1000.0,1000.0,1000.0,1000.0,1000.0,1000.0,1000.0,1000.0,1000.0,1000.0,1000.0,1000.0
ROUNDBALE_GRASS,1000.0,1000.0,1000.0,1000.0,1000.0,1000.0,1000.0,1000.0,1000.0,1000.0,1000.0,1000.0,1000.0,1000.0
ROUNDBALE_WOOD,1000.0,1000.0,1000.0,1000.0,1000.0,1000.0,1000.0,1000.0,1000.0,1000.0,1000.0,1000.0,1000.0,1000.0
SEEDS,900.0,900.0,963.0,891.0,846.0,765.0,729.0,774.0,891.0,972.0000000000001,1016.9999999999999,1089.0,972.0000000000001,900.75
SHEEP_BLACK_WELSH,4000000.0,4000000.0,4000000.0,4000000.0,4000000.0,4000000.0,4000000.0,4000000.0,4000000.0,4000000.0,4000000.0,4000000.0,4000000.0,4000000.0
SHEEP_LANDRACE,4000000.0,4000000.0,4000000.0,4000000.0,4000000.0,4000000.0,4000000.0,4000000.0,4000000.0,4000000.0,4000000.0,4000000.0,4000000.0,4000000.0
SHEEP_STEINSCHAF,4000000.0,4000000.0,4000000.0,4000000.0,4000000.0,4000000.0,4000000.0,4000000.0,4000000.0,4000000.0,4000000.0,4000000.0,4000000.0,4000000.0
SHEEP_SWISS_MOUNTAIN,4000000.0,4000000.0,4000000.0,4000000.0,4000000.0,4000000.0,4000000.0,4000000.0,4000000.0,4000000.0,4000000.0,4000000.0,4000000.0,4000000.0
SILAGE,121.0,121.0,121.0,121.0,121.0,121.0,121.0,121.0,121.0,121.0,121.0,121.0,121.0,121.0
SILAGE_ADDITIVE,1200.0,1200.0,1200.0,1200.0,1200.0,1200.0,1200.0,1200.0,1200.0,1200.0,1200.0,1200.0,1200.0,1200.0
SNOW,0.0,0.0,0.0,0.0,0.0,0.0,0.0,0.0,0.0,0.0,0.0,0.0,0.0,0.0
SORGHUM,430.0,481.6,447.2,399.90000000000003,365.5,339.7,339.7,369.8,412.8,464.40000000000003,498.79999999999995,524.6,520.3,430.35833333333335
SOUPCANSBEETROOT,845.0,845.0,845.0,845.0,845.0,845.0,845.0,845.0,845.0,845.0,845.0,845.0,845.0,845.0
SOUPCANSCARROTS,885.0,885.0,885.0,885.0,885.0,885.0,885.0,885.0,885.0,885.0,885.0,885.0,885.0,885.0
SOUPCANSMIXED,940.0,940.0,940.0,940.0,940.0,940.0,940.0,940.0,940.0,940.0,940.0,940.0,940.0,940.0
SOUPCANSPARSNIP,880.0,880.0,880.0,880.0,880.0,880.0,880.0,880.0,880.0,880.0,880.0,880.0,880.0,880.0
SOUPCANSPOTATO,1245.0,1245.0,1245.0,1245.0,1245.0,1245.0,1245.0,1245.0,1245.0,1245.0,1245.0,1245.0,1245.0,1245.0
SOYBEAN,778.0,770.22,816.9000000000001,902.4799999999999,1104.76,1237.02,879.1399999999999,676.86,630.1800000000001,599.0600000000001,676.86,575.72,497.92,780.5933333333334
SOYBEAN_CUT,41.0,41.0,41.0,41.0,41.0,41.0,41.0,41.0,41.0,41.0,41.0,41.0,41.0,41.0
SPINACH,220.0,206.79999999999998,206.79999999999998,211.2,222.2,222.2,231.0,228.8,231.0,228.8,224.4,222.2,213.4,220.73333333333335
SPINACH_BAGS,775.0,775.0,775.0,775.0,775.0,775.0,775.0,775.0,775.0,775.0,775.0,775.0,775.0,775.0
SPRING_ONION,450.0,472.5,468.0,450.0,445.5,423.0,445.5,414.0,405.0,441.0,454.5,486.00000000000006,508.49999999999994,451.125
SQUAREBALE,1000.0,1000.0,1000.0,1000.0,1000.0,1000.0,1000.0,1000.0,1000.0,1000.0,1000.0,1000.0,1000.0,1000.0
SQUAREBALE_COTTON,1000.0,1000.0,1000.0,1000.0,1000.0,1000.0,1000.0,1000.0,1000.0,1000.0,1000.0,1000.0,1000.0,1000.0
SQUAREBALE_DRYGRASS,1000.0,1000.0,1000.0,1000.0,1000.0,1000.0,1000.0,1000.0,1000.0,1000.0,1000.0,1000.0,1000.0,1000.0
SQUAREBALE_GRASS,1000.0,1000.0,1000.0,1000.0,1000.0,1000.0,1000.0,1000.0,1000.0,1000.0,1000.0,1000.0,1000.0,1000.0
SQUAREBALE_WOOD,1000.0,1000.0,1000.0,1000.0,1000.0,1000.0,1000.0,1000.0,1000.0,1000.0,1000.0,1000.0,1000.0,1000.0
STONE,50.0,50.0,50.0,50.0,50.0,50.0,50.0,50.0,50.0,50.0,50.0,50.0,50.0,50.0
STRAW,41.0,41.0,43.870000000000005,40.589999999999996,38.54,34.85,33.21,35.26,40.589999999999996,44.28,46.33,49.61,44.28,41.034166666666664
STRAWBERRY,450.0,472.5,468.0,450.0,445.5,423.0,445.5,414.0,405.0,441.0,454.5,486.00000000000006,508.49999999999994,451.125
SUGAR,500.0,470.0,480.0,505.0,505.0,525.0,520.0,525.0,520.0,510.0,505.0,485.0,470.0,501.6666666666667
SUGARBEET,172.0,172.0,163.4,154.8,163.4,172.0,172.0,172.0,180.6,189.20000000000002,197.79999999999998,189.20000000000002,180.6,175.58333333333334
SUGARBEET_CUT,222.0,222.0,210.89999999999998,199.8,210.89999999999998,222.0,222.0,222.0,233.10000000000002,244.20000000000002,255.29999999999998,244.20000000000002,233.10000000000002,226.625
SUGARCANE,119.0,111.86,114.24,120.19,120.19,124.95,123.76,124.95,123.76,121.38,120.19,115.42999999999999,111.86,119.39666666666666
SUNFLOWER,673.0,807.6,787.41,706.65,585.51,632.62,666.27,740.3000000000001,747.0300000000001,713.38,437.45,498.02,753.7600000000001,673.0
SUNFLOWER_OIL,1780.0,2136.0,2082.6,1869.0,1548.6,1673.1999999999998,1762.2,1958.0000000000002,1975.8000000000002,1886.8000000000002,1157.0,1317.2,1993.6000000000001,1780.0
TARP,0.0,0.0,0.0,0.0,0.0,0.0,0.0,0.0,0.0,0.0,0.0,0.0,0.0,0.0
TOMATO,500.0,525.0,520.0,500.0,495.0,470.0,495.0,460.0,450.0,490.0,505.0,540.0,565.0,501.25
TREE,100.0,100.0,100.0,100.0,100.0,100.0,100.0,100.0,100.0,100.0,100.0,100.0,100.0,100.0
TREESAPLINGS,100.0,100.0,100.0,100.0,100.0,100.0,100.0,100.0,100.0,100.0,100.0,100.0,100.0,100.0
WATER,100.0,95.0,97.0,100.0,100.0,105.0,110.00000000000001,114.99999999999999,110.00000000000001,110.00000000000001,105.0,100.0,97.0,103.66666666666667
WEED,0.0,0.0,0.0,0.0,0.0,0.0,0.0,0.0,0.0,0.0,0.0,0.0,0.0,0.0
WHEAT,337.0,337.0,360.59000000000003,333.63,316.78,286.45,272.97,289.82,333.63,363.96000000000004,380.80999999999995,407.77,363.96000000000004,337.2808333333333
WHEAT_CUT,41.0,41.0,41.0,41.0,41.0,41.0,41.0,41.0,41.0,41.0,41.0,41.0,41.0,41.0
WOOD,1000.0,1000.0,1000.0,1000.0,1000.0,1000.0,1000.0,1000.0,1000.0,1000.0,1000.0,1000.0,1000.0,1000.0
WOODBEAM,2912.0,2912.0,2912.0,2912.0,2912.0,2912.0,2912.0,2912.0,2912.0,2912.0,2912.0,2912.0,2912.0,2912.0
WOODCHIPS,320.0,396.8,316.8,236.8,195.2,169.60000000000002,169.60000000000002,198.4,256.0,364.79999999999995,457.59999999999997,540.8,531.1999999999999,319.46666666666664
WOOL,940.0,1062.1999999999998,1175.0,1212.6000000000001,1118.6,930.6,855.4,761.4000000000001,723.8000000000001,799.0,893.0,874.2,911.8,943.1333333333333
