canonical_id,source_price,effective_price,recipe,cycles_per_hour,inputs,outputs,annual_average_output_value_per_hour,annual_average_input_cost_per_hour,operating_cost_per_hour,net_margin_per_active_hour,payback_active_hours_at_effective_price
FS25_BaseGame:data/placeables/brandless/greenhouses/greenHouseGlass/greenHouseGlassLarge.xml,54000.0,54000.0,tomato,44.0,WATER:4,TOMATO:4,88.22,18.245333333333335,0.1,69.87466666666667,772.8122734038087
FS25_BaseGame:data/placeables/brandless/greenhouses/greenHouseGlass/greenHouseGlassLarge.xml,54000.0,54000.0,lettuce,42.0,WATER:8,LETTUCE:4,166.73579999999998,34.832,0.1,131.8038,409.6998720825955
FS25_BaseGame:data/placeables/brandless/greenhouses/greenHouseGlass/greenHouseGlassLarge.xml,54000.0,54000.0,strawberry,22.0,WATER:4,STRAWBERRY:8,79.398,9.122666666666667,0.1,70.17533333333333,769.5011542517315
FS25_BaseGame:data/placeables/brandless/greenhouses/greenHouseGlass/greenHouseGlassLarge.xml,54000.0,54000.0,springOnion,14.0,WATER:6,SPRING_ONION:12,75.789,8.708,0.1,66.98100000000001,806.1987727863125
FS25_BaseGame:data/placeables/brandless/greenhouses/greenHouseGlass/greenHouseGlassLarge.xml,54000.0,54000.0,napaCabbage,28.0,WATER:8,NAPACABBAGE:6,58.946999999999996,23.221333333333334,0.1,35.62566666666666,1515.7611085640506
FS25_BaseGame:data/placeables/brandless/greenhouses/greenHouseGlass/greenHouseGlassLarge.xml,54000.0,54000.0,chilli,22.0,WATER:12,CHILLI:8,79.398,27.368,0.1,51.93,1039.8613518197574
FS25_BaseGame:data/placeables/brandless/greenhouses/greenHouseGlass/greenHouseGlassLarge.xml,54000.0,54000.0,garlic,30.0,WATER:12,GARLIC:6,81.2025,37.32,0.1,43.7825,1233.3694969451265
FS25_BaseGame:data/placeables/brandless/greenhouses/greenHouseGlass/greenHouseGlassMedium.xml,27000.0,27000.0,tomato,44.0,WATER:2,TOMATO:2,44.11,9.122666666666667,0.1,34.88733333333333,773.9198562993255
FS25_BaseGame:data/placeables/brandless/greenhouses/greenHouseGlass/greenHouseGlassMedium.xml,27000.0,27000.0,lettuce,42.0,WATER:4,LETTUCE:2,83.36789999999999,17.416,0.1,65.8519,410.01094881089233
FS25_BaseGame:data/placeables/brandless/greenhouses/greenHouseGlass/greenHouseGlassMedium.xml,27000.0,27000.0,strawberry,22.0,WATER:2,STRAWBERRY:4,39.699,4.561333333333334,0.1,35.03766666666666,770.5992598441678
FS25_BaseGame:data/placeables/brandless/greenhouses/greenHouseGlass/greenHouseGlassMedium.xml,27000.0,27000.0,springOnion,14.0,WATER:3,SPRING_ONION:6,37.8945,4.354,0.1,33.4405,807.4041955114308
FS25_BaseGame:data/placeables/brandless/greenhouses/greenHouseGlass/greenHouseGlassMedium.xml,27000.0,27000.0,napaCabbage,28.0,WATER:4,NAPACABBAGE:3,29.473499999999998,11.610666666666667,0.1,17.76283333333333,1520.0277733469702
FS25_BaseGame:data/placeables/brandless/greenhouses/greenHouseGlass/greenHouseGlassMedium.xml,27000.0,27000.0,chilli,22.0,WATER:6,CHILLI:4,39.699,13.684,0.1,25.915,1041.8676442214933
FS25_BaseGame:data/placeables/brandless/greenhouses/greenHouseGlass/greenHouseGlassMedium.xml,27000.0,27000.0,garlic,30.0,WATER:6,GARLIC:3,40.60125,18.66,0.1,21.84125,1236.1929834601958
FS25_BaseGame:data/placeables/brandless/greenhouses/greenHouseGlass/greenHouseGlassSmall.xml,13500.0,13500.0,tomato,44.0,WATER:1,TOMATO:1,22.055,4.561333333333334,0.1,17.393666666666665,776.1445736954065
FS25_BaseGame:data/placeables/brandless/greenhouses/greenHouseGlass/greenHouseGlassSmall.xml,13500.0,13500.0,lettuce,42.0,WATER:2,LETTUCE:1,41.683949999999996,8.708,0.1,32.875949999999996,410.63452158796935
FS25_BaseGame:data/placeables/brandless/greenhouses/greenHouseGlass/greenHouseGlassSmall.xml,13500.0,13500.0,strawberry,22.0,WATER:1,STRAWBERRY:2,19.8495,2.280666666666667,0.1,17.46883333333333,772.8049001555153
FS25_BaseGame:data/placeables/brandless/greenhouses/greenHouseGlass/greenHouseGlassSmall.xml,13500.0,13500.0,springOnion,14.0,WATER:1.5,SPRING_ONION:3,18.94725,2.177,0.1,16.67025,809.8258874342017
FS25_BaseGame:data/placeables/brandless/greenhouses/greenHouseGlass/greenHouseGlassSmall.xml,13500.0,13500.0,napaCabbage,28.0,WATER:2,NAPACABBAGE:1.5,14.736749999999999,5.8053333333333335,0.1,8.831416666666666,1528.6335714353115
FS25_BaseGame:data/placeables/brandless/greenhouses/greenHouseGlass/greenHouseGlassSmall.xml,13500.0,13500.0,chilli,22.0,WATER:3,CHILLI:2,19.8495,6.842,0.1,12.9075,1045.9035444509007
FS25_BaseGame:data/placeables/brandless/greenhouses/greenHouseGlass/greenHouseGlassSmall.xml,13500.0,13500.0,garlic,30.0,WATER:3,GARLIC:1.5,20.300625,9.33,0.1,10.870625,1241.8789168056114
FS25_BaseGame:data/placeables/brandless/greenhouses/greenHouseMushrooms/greenHouseMushroomsLarge.xml,36000.0,36000.0,enoki,34.0,WATER:1,ENOKI:5,71.57849999999999,3.5246666666666666,0.1,67.95383333333334,529.7714379615572
FS25_BaseGame:data/placeables/brandless/greenhouses/greenHouseMushrooms/greenHouseMushroomsLarge.xml,36000.0,36000.0,oyster,28.0,WATER:1,OYSTER:3,72.84164999999999,2.9026666666666667,0.1,69.83898333333333,515.4714212859628
FS25_BaseGame:data/placeables/brandless/greenhouses/greenHouseMushrooms/greenHouseMushroomsMedium.xml,18000.0,18000.0,enoki,17.0,WATER:1,ENOKI:5,35.789249999999996,1.7623333333333333,0.1,33.92691666666666,530.5521918437425
FS25_BaseGame:data/placeables/brandless/greenhouses/greenHouseMushrooms/greenHouseMushroomsMedium.xml,18000.0,18000.0,oyster,14.0,WATER:1,OYSTER:3,36.420824999999994,1.4513333333333334,0.1,34.86949166666666,516.2105651573643
FS25_BaseGame:data/placeables/brandless/greenhouses/greenHouseMushrooms/greenHouseMushroomsSmall.xml,9000.0,9000.0,enoki,8.5,WATER:1,ENOKI:5,17.894624999999998,0.8811666666666667,0.1,16.91345833333333,532.1206238621611
FS25_BaseGame:data/placeables/brandless/greenhouses/greenHouseMushrooms/greenHouseMushroomsSmall.xml,9000.0,9000.0,oyster,7.0,WATER:1,OYSTER:3,18.210412499999997,0.7256666666666667,0.1,17.38474583333333,517.695230421114
FS25_BaseGame:data/placeables/brandless/greenhouses/greenHousesSaplings/greenHousesSaplings.xml,3000.0,3000.0,riceSaplings,2.0,WATER:3,RICESAPLINGS:1,6.66,0.622,0.1,5.938000000000001,505.2206130010104
FS25_BaseGame:data/placeables/brandless/greenhouses/greenHousesTarp/greenHousesTarpLarge.xml,36000.0,36000.0,tomato,44.0,WATER:4,TOMATO:4,88.22,18.245333333333335,0.1,69.87466666666667,515.2081822692058
FS25_BaseGame:data/placeables/brandless/greenhouses/greenHousesTarp/greenHousesTarpLarge.xml,36000.0,36000.0,lettuce,42.0,WATER:8,LETTUCE:4,166.73579999999998,34.832,0.1,131.8038,273.1332480550637
FS25_BaseGame:data/placeables/brandless/greenhouses/greenHousesTarp/greenHousesTarpLarge.xml,36000.0,36000.0,strawberry,22.0,WATER:4,STRAWBERRY:8,79.398,9.122666666666667,0.1,70.17533333333333,513.0007695011543
FS25_BaseGame:data/placeables/brandless/greenhouses/greenHousesTarp/greenHousesTarpLarge.xml,36000.0,36000.0,springOnion,14.0,WATER:6,SPRING_ONION:12,75.789,8.708,0.1,66.98100000000001,537.4658485242082
FS25_BaseGame:data/placeables/brandless/greenhouses/greenHousesTarp/greenHousesTarpLarge.xml,36000.0,36000.0,napaCabbage,28.0,WATER:8,NAPACABBAGE:6,58.946999999999996,23.221333333333334,0.1,35.62566666666666,1010.507405709367
FS25_BaseGame:data/placeables/brandless/greenhouses/greenHousesTarp/greenHousesTarpLarge.xml,36000.0,36000.0,chilli,22.0,WATER:12,CHILLI:8,79.398,27.368,0.1,51.93,693.2409012131716
FS25_BaseGame:data/placeables/brandless/greenhouses/greenHousesTarp/greenHousesTarpLarge.xml,36000.0,36000.0,garlic,30.0,WATER:12,GARLIC:6,81.2025,37.32,0.1,43.7825,822.246331296751
FS25_BaseGame:data/placeables/brandless/greenhouses/greenHousesTarp/greenHousesTarpMedium.xml,18000.0,18000.0,tomato,44.0,WATER:2,TOMATO:2,44.11,9.122666666666667,0.1,34.88733333333333,515.946570866217
FS25_BaseGame:data/placeables/brandless/greenhouses/greenHousesTarp/greenHousesTarpMedium.xml,18000.0,18000.0,lettuce,42.0,WATER:4,LETTUCE:2,83.36789999999999,17.416,0.1,65.8519,273.34063254059487
FS25_BaseGame:data/placeables/brandless/greenhouses/greenHousesTarp/greenHousesTarpMedium.xml,18000.0,18000.0,strawberry,22.0,WATER:2,STRAWBERRY:4,39.699,4.561333333333334,0.1,35.03766666666666,513.732839896112
FS25_BaseGame:data/placeables/brandless/greenhouses/greenHousesTarp/greenHousesTarpMedium.xml,18000.0,18000.0,springOnion,14.0,WATER:3,SPRING_ONION:6,37.8945,4.354,0.1,33.4405,538.2694636742872
FS25_BaseGame:data/placeables/brandless/greenhouses/greenHousesTarp/greenHousesTarpMedium.xml,18000.0,18000.0,napaCabbage,28.0,WATER:4,NAPACABBAGE:3,29.473499999999998,11.610666666666667,0.1,17.76283333333333,1013.3518488979801
FS25_BaseGame:data/placeables/brandless/greenhouses/greenHousesTarp/greenHousesTarpMedium.xml,18000.0,18000.0,chilli,22.0,WATER:6,CHILLI:4,39.699,13.684,0.1,25.915,694.5784294809956
FS25_BaseGame:data/placeables/brandless/greenhouses/greenHousesTarp/greenHousesTarpMedium.xml,18000.0,18000.0,garlic,30.0,WATER:6,GARLIC:3,40.60125,18.66,0.1,21.84125,824.1286556401305
FS25_BaseGame:data/placeables/brandless/greenhouses/greenHousesTarp/greenHousesTarpSmall.xml,9000.0,9000.0,tomato,44.0,WATER:1,TOMATO:1,22.055,4.561333333333334,0.1,17.393666666666665,517.4297157969377
FS25_BaseGame:data/placeables/brandless/greenhouses/greenHousesTarp/greenHousesTarpSmall.xml,9000.0,9000.0,lettuce,42.0,WATER:2,LETTUCE:1,41.683949999999996,8.708,0.1,32.875949999999996,273.75634772531293
FS25_BaseGame:data/placeables/brandless/greenhouses/greenHousesTarp/greenHousesTarpSmall.xml,9000.0,9000.0,strawberry,22.0,WATER:1,STRAWBERRY:2,19.8495,2.280666666666667,0.1,17.46883333333333,515.2032667703435
FS25_BaseGame:data/placeables/brandless/greenhouses/greenHousesTarp/greenHousesTarpSmall.xml,9000.0,9000.0,springOnion,14.0,WATER:1.5,SPRING_ONION:3,18.94725,2.177,0.1,16.67025,539.8839249561345
FS25_BaseGame:data/placeables/brandless/greenhouses/greenHousesTarp/greenHousesTarpSmall.xml,9000.0,9000.0,napaCabbage,28.0,WATER:2,NAPACABBAGE:1.5,14.736749999999999,5.8053333333333335,0.1,8.831416666666666,1019.0890476235411
FS25_BaseGame:data/placeables/brandless/greenhouses/greenHousesTarp/greenHousesTarpSmall.xml,9000.0,9000.0,chilli,22.0,WATER:3,CHILLI:2,19.8495,6.842,0.1,12.9075,697.2690296339338
FS25_BaseGame:data/placeables/brandless/greenhouses/greenHousesTarp/greenHousesTarpSmall.xml,9000.0,9000.0,garlic,30.0,WATER:3,GARLIC:1.5,20.300625,9.33,0.1,10.870625,827.9192778704077
FS25_BaseGame:data/placeables/brandless/productionPointsGeneric/bakery/bakery.xml,150000.0,150000.0,bread,5.0,FLOUR:90,BREAD:45,371.55937499999993,310.7587499999999,2.5,58.300625000000025,2572.8712170752874
FS25_BaseGame:data/placeables/brandless/productionPointsGeneric/bakery/bakery.xml,150000.0,150000.0,breadRiceFlour,2.0,RICEFLOUR:68,BREAD:45,148.62374999999997,123.86313333333334,3.0,21.760616666666635,6893.187003738415
FS25_BaseGame:data/placeables/brandless/productionPointsGeneric/bakery/bakery.xml,150000.0,150000.0,cake,2.0,FLOUR:8;SUGAR:8;MILK_BOTTLED:8;EGG:8;BUTTER:8;STRAWBERRY:8,CAKE:21,139.062,71.47466666666666,2.5,65.08733333333335,2304.5958763097783
FS25_BaseGame:data/placeables/brandless/productionPointsGeneric/bakery/bakery.xml,150000.0,150000.0,cakeRiceFlour,2.0,RICEFLOUR:6;SUGAR:8;MILK_BOTTLED:8;EGG:8;BUTTER:8;STRAWBERRY:8,CAKE:21,139.062,71.35456666666668,2.5,65.20743333333333,2300.351238074596
FS25_BaseGame:data/placeables/brandless/productionPointsGeneric/carpentry/carpentry.xml,300000.0,300000.0,furnitureWood,5.0,WOOD:10,FURNITURE:17,161.05374999999998,50.0,3.0,108.05374999999998,2776.3960066170775
FS25_BaseGame:data/placeables/brandless/productionPointsGeneric/carpentry/carpentry.xml,300000.0,300000.0,furnitureBoards,8.0,BOARDS:10,FURNITURE:14,212.212,101.05333333333334,3.0,108.15866666666665,2773.7028316424025
FS25_BaseGame:data/placeables/brandless/productionPointsGeneric/carpentry/carpentry.xml,300000.0,300000.0,furniturePlanks,14.0,PLANKS:10,FURNITURE:14,371.371,271.74,3.0,96.63099999999997,3104.593763905994
FS25_BaseGame:data/placeables/brandless/productionPointsGeneric/cerealFactory/cerealFactory.xml,240000.0,240000.0,cereal_raisins,9.0,HONEY:10;RAISINS:10;OAT:40;MAIZE:40,CEREAL:20,690.2700000000001,569.1591,5.0,116.11090000000013,2066.989404095565
FS25_BaseGame:data/placeables/brandless/productionPointsGeneric/cerealFactory/cerealFactory.xml,240000.0,240000.0,cereal_chocolate,9.0,HONEY:10;CHOCOLATE:10;OAT:36;MAIZE:36,CEREAL:20,690.2700000000001,565.7576399999999,5.0,119.51236000000017,2008.160494864294
FS25_BaseGame:data/placeables/brandless/productionPointsGeneric/cerealFactory/cerealFactory.xml,240000.0,240000.0,cereal_riceLongGrain,6.0,HONEY:15;RICELONGGRAIN:40,CEREAL:15,345.135,217.774,10.0,117.36099999999999,2044.9723502696809
FS25_BaseGame:data/placeables/brandless/productionPointsGeneric/cerealFactory/cerealFactory.xml,240000.0,240000.0,cereal_rice,6.0,HONEY:15;RICE:36,CEREAL:20,460.18000000000006,328.54200000000003,10.0,121.63800000000003,1973.0676268929112
FS25_BaseGame:data/placeables/brandless/productionPointsGeneric/dairy/dairy.xml,210000.0,210000.0,butter_milk,20.0,MILK:15,BUTTER:13,292.1706666666667,210.7,1.0,80.47066666666672,2609.6465792918316
FS25_BaseGame:data/placeables/brandless/productionPointsGeneric/dairy/dairy.xml,210000.0,210000.0,butter_goatMilk,31.0,GOATMILK:3,BUTTER:10,348.35733333333343,263.1342,4.0,81.22313333333341,2585.4703134657016
FS25_BaseGame:data/placeables/brandless/productionPointsGeneric/dairy/dairy.xml,210000.0,210000.0,butter_buffaloMilk,2.2,BUFFALOMILK:3,BUTTER:45,111.24960000000002,23.177000000000003,8.0,80.07260000000001,2622.619972375069
FS25_BaseGame:data/placeables/brandless/productionPointsGeneric/dairy/dairy.xml,210000.0,210000.0,cheese,55.0,MILK:3,CHEESE:2,198.66000000000003,115.885,1.0,81.77500000000002,2568.022011617242
FS25_BaseGame:data/placeables/brandless/productionPointsGeneric/dairy/dairy.xml,210000.0,210000.0,goatcheese,40.0,GOATMILK:3,GOATCHEESE:6,423.8080000000001,339.528,4.0,80.28000000000009,2615.8445440956625
FS25_BaseGame:data/placeables/brandless/productionPointsGeneric/dairy/dairy.xml,210000.0,210000.0,buffalomozzarella,20.0,BUFFALOMILK:3,BUFFALOMOZZARELLA:2,301.0,210.7,8.0,82.30000000000001,2551.6403402187116
FS25_BaseGame:data/placeables/brandless/productionPointsGeneric/dairy/dairy.xml,210000.0,210000.0,chocolate,105.0,MILK:1;SUGAR:1,CHOCOLATE:1,208.775,126.42000000000002,1.0,81.35499999999999,2581.279577161822
FS25_BaseGame:data/placeables/brandless/productionPointsGeneric/dairy/dairy.xml,210000.0,210000.0,milkBottled,20.0,MILK:10,MILK_BOTTLED:20,232.7733333333333,140.46666666666667,1.0,91.30666666666664,2299.9415887850473
FS25_BaseGame:data/placeables/brandless/productionPointsGeneric/dairy/dairy.xml,210000.0,210000.0,goatmilkBottled,6.0,GOATMILK:10,GOATMILK_BOTTLED:20,254.04400000000004,169.764,4.0,80.28000000000003,2615.8445440956643
FS25_BaseGame:data/placeables/brandless/productionPointsGeneric/dairy/dairy.xml,210000.0,210000.0,buffalomilkBottled,6.0,BUFFALOMILK:10,BUFFALOMILK_BOTTLED:20,299.79600000000005,210.7,8.0,81.09600000000006,2589.523527670907
FS25_BaseGame:data/placeables/brandless/productionPointsGeneric/grainMill/grainMill.xml,288000.0,288000.0,flourWheat,105.0,WHEAT:5,FLOUR:4,290.0414999999999,177.07243749999998,1.0,111.96906249999995,2572.1390674321324
FS25_BaseGame:data/placeables/brandless/productionPointsGeneric/grainMill/grainMill.xml,288000.0,288000.0,flourBarley,20.0,BARLEY:30,FLOUR:22,303.85299999999995,187.95649999999998,1.0,114.89649999999997,2506.6037694794886
FS25_BaseGame:data/placeables/brandless/productionPointsGeneric/grainMill/grainMill.xml,288000.0,288000.0,flourOat,50.0,OAT:15,FLOUR:15,517.9312499999999,399.3325,1.0,117.59874999999988,2449.0056229339198
FS25_BaseGame:data/placeables/brandless/productionPointsGeneric/grainMill/grainMill.xml,288000.0,288000.0,flourSorghum,50.0,SORGHUM:15,FLOUR:13,448.8737499999999,322.76874999999995,1.0,125.10499999999996,2302.066264337957
FS25_BaseGame:data/placeables/brandless/productionPointsGeneric/grainMill/grainMill.xml,288000.0,288000.0,flourRiceLongGrain,30.0,RICELONGGRAIN:15,RICEFLOUR:13,355.19575000000003,239.29500000000002,2.0,113.90075000000002,2528.51715199417
FS25_BaseGame:data/placeables/brandless/productionPointsGeneric/grainMill/grainMill.xml,288000.0,288000.0,flourRice,30.0,RICE:9,RICEFLOUR:15,409.84125,297.99000000000007,1.0,110.85124999999994,2598.076250831634
FS25_BaseGame:data/placeables/brandless/productionPointsGeneric/grapeProcessingUnit/grapeProcessingUnit.xml,240000.0,240000.0,raisins,220.0,GRAPE:2,RAISINS:1,365.17433333333327,258.0237,2.5,104.65063333333325,2293.344935959937
FS25_BaseGame:data/placeables/brandless/productionPointsGeneric/grapeProcessingUnit/grapeProcessingUnit.xml,240000.0,240000.0,grapejuice,30.0,GRAPE:14,GRAPEJUICE:7,354.29624999999993,246.29535000000004,2.5,105.50089999999989,2274.862110181053
FS25_BaseGame:data/placeables/brandless/productionPointsGeneric/oilMill/oilMill.xml,240000.0,240000.0,sunflower_oil,20.0,SUNFLOWER:20,SUNFLOWER_OIL:10,356.0,269.20000000000005,2.5,84.29999999999995,2846.975088967973
FS25_BaseGame:data/placeables/brandless/productionPointsGeneric/oilMill/oilMill.xml,240000.0,240000.0,canola_oil,20.0,CANOLA:20,CANOLA_OIL:10,328.2733333333333,241.40099999999995,2.5,84.37233333333336,2844.534345776853
FS25_BaseGame:data/placeables/brandless/productionPointsGeneric/oilMill/oilMill.xml,240000.0,240000.0,olive_oil,10.0,OLIVE:25,OLIVE_OIL:10,237.29,146.604375,2.5,88.18562499999999,2721.5319957192573
FS25_BaseGame:data/placeables/brandless/productionPointsGeneric/oilMill/oilMill.xml,240000.0,240000.0,rice_oil_longGrainRice,20.0,RICELONGGRAIN:25,RICE_OIL:10,346.21000000000004,265.8833333333333,2.5,77.82666666666671,3083.7759122837056
FS25_BaseGame:data/placeables/brandless/productionPointsGeneric/oilMill/oilMill.xml,240000.0,240000.0,rice_oil_rice,20.0,RICE:12,RICE_OIL:10,346.21000000000004,264.88000000000005,2.5,78.82999999999998,3044.526195610809
FS25_BaseGame:data/placeables/brandless/productionPointsGeneric/paperFactory/paperFactory.xml,525000.0,525000.0,cartonRoll,1.0,WOOD:420,CARTONROLL:215,623.5,420.0,5.0,198.5,2644.8362720403024
FS25_BaseGame:data/placeables/brandless/productionPointsGeneric/paperFactory/paperFactory.xml,525000.0,525000.0,paperRoll,1.0,WOOD:535,PAPERROLL:230,736.0,535.0,3.0,198.0,2651.5151515151515
FS25_BaseGame:data/placeables/brandless/productionPointsGeneric/sawmill/sawmill.xml,300000.0,300000.0,boards,1.0,WOOD:416,BOARDS:410;WOODCHIPS:120,556.2343333333334,416.0,2.0,138.23433333333344,2170.2278498105857
FS25_BaseGame:data/placeables/brandless/productionPointsGeneric/sawmill/sawmill.xml,300000.0,300000.0,planks,1.0,WOOD:416,PLANKS:275;WOODCHIPS:120,572.111,416.0,2.0,154.111,1946.6488440150283
FS25_BaseGame:data/placeables/brandless/productionPointsGeneric/sawmill/sawmill.xml,300000.0,300000.0,woodBeam,1.0,WOOD:416,WOODBEAM:183;WOODCHIPS:150,580.8159999999999,416.0,2.0,162.81599999999992,1842.570754716982
FS25_BaseGame:data/placeables/brandless/productionPointsGeneric/sawmill/sawmill.xml,300000.0,300000.0,prefabWall,1.4,WOOD:412,PREFABWALL:100,693.0,576.8,2.0,114.20000000000005,2626.970227670752
FS25_BaseGame:data/placeables/brandless/productionPointsGeneric/sawmillPlaceable/sawmillPlaceable.xml,150000.0,150000.0,boards,1.0,WOOD:208,BOARDS:205;WOODCHIPS:60,278.1171666666667,208.0,2.0,68.11716666666672,2202.088068842165
FS25_BaseGame:data/placeables/brandless/productionPointsGeneric/sawmillPlaceable/sawmillPlaceable.xml,150000.0,150000.0,planks,1.0,WOOD:208,PLANKS:138;WOODCHIPS:60,287.026,208.0,2.0,77.02600000000001,1947.3943863111156
FS25_BaseGame:data/placeables/brandless/productionPointsGeneric/sawmillPlaceable/sawmillPlaceable.xml,150000.0,150000.0,woodBeam,1.0,WOOD:208,WOODBEAM:125;WOODCHIPS:91,393.07146666666665,208.0,2.0,183.07146666666665,819.3521509996825
FS25_BaseGame:data/placeables/brandless/productionPointsGeneric/spinnery/spinnery.xml,180000.0,180000.0,fabric_wool,60.0,WOOL:3,FABRIC:1,240.8,169.764,5.0,66.036,2725.7859349445757
FS25_BaseGame:data/placeables/brandless/productionPointsGeneric/spinnery/spinnery.xml,180000.0,180000.0,fabric_cotton,100.0,COTTON:9,FABRIC:3,1204.0,1126.8000000000002,5.0,72.19999999999982,2493.0747922437736
FS25_BaseGame:data/placeables/brandless/productionPointsGeneric/sugarMill/sugarMill.xml,240000.0,240000.0,sugarbeet_sugar,530.0,SUGARBEET:2,SUGAR:1.05,279.1775,186.1183333333333,5.0,88.0591666666667,2725.440281628828
FS25_BaseGame:data/placeables/brandless/productionPointsGeneric/sugarMill/sugarMill.xml,240000.0,240000.0,sugarbeetCut_sugar,245.0,SUGARBEET_CUT:5,SUGAR:3,368.725,277.61562499999997,3.0,88.10937500000006,2723.8872140450417
FS25_BaseGame:data/placeables/brandless/productionPointsGeneric/sugarMill/sugarMill.xml,240000.0,240000.0,sugarcane_sugar,365.0,SUGARCANE:2,SUGAR:1,183.10833333333335,87.15956666666666,5.0,90.94876666666669,2638.8483186321378
FS25_BaseGame:data/placeables/brandless/productionPointsGeneric/tailorShop/tailorShop.xml,240000.0,240000.0,clothes,100.0,FABRIC:4,CLOTHES:2,1705.6666666666667,1605.3333333333335,10.0,90.33333333333326,2656.8265682656847
FS25_BaseGame:data/placeables/brandless/productionPointsSmall/bakery/bakery.xml,36000.0,36000.0,bread,5.0,FLOUR:9,BREAD:4.5,37.15593749999999,31.075874999999993,2.5,3.5800625000000004,10055.690368534068
FS25_BaseGame:data/placeables/brandless/productionPointsSmall/bakery/bakery.xml,36000.0,36000.0,breadRiceFlour,2.0,RICEFLOUR:6.8,BREAD:4.5,14.862374999999998,12.386313333333334,3.0,-0.5239383333333354,
FS25_BaseGame:data/placeables/brandless/productionPointsSmall/bakery/bakery.xml,36000.0,36000.0,cake,0.2,FLOUR:8;SUGAR:8;MILK_BOTTLED:8;EGG:8;BUTTER:8;STRAWBERRY:8,CAKE:21,13.906200000000002,7.147466666666666,2.5,4.2587333333333355,8453.217701664027
FS25_BaseGame:data/placeables/brandless/productionPointsSmall/bakery/bakery.xml,36000.0,36000.0,cakeRiceFlour,0.2,RICEFLOUR:6;SUGAR:8;MILK_BOTTLED:8;EGG:8;BUTTER:8;STRAWBERRY:8,CAKE:21,13.906200000000002,7.135456666666669,2.5,4.270743333333333,8429.44592783614
FS25_BaseGame:data/placeables/brandless/productionPointsSmall/cannedPackagedFactory/cannedPackagedFactory.xml,36000.0,36000.0,preservedFoodCarrots,1.0,CARROT:100,PRESERVEDCARROTS:45,26.099999999999998,13.475000000000001,4.0,8.624999999999996,4173.913043478263
FS25_BaseGame:data/placeables/brandless/productionPointsSmall/cannedPackagedFactory/cannedPackagedFactory.xml,36000.0,36000.0,preservedFoodParsnip,1.0,PARSNIP:100,PRESERVEDPARSNIP:45,26.009999999999998,13.372916666666665,4.0,8.637083333333333,4168.073713155482
FS25_BaseGame:data/placeables/brandless/productionPointsSmall/cannedPackagedFactory/cannedPackagedFactory.xml,36000.0,36000.0,preservedFoodBeetRoot,1.0,BEETROOT:100,PRESERVEDBEETROOT:45,25.200000000000003,12.454166666666666,4.0,8.745833333333337,4116.245831348259
FS25_BaseGame:data/placeables/brandless/productionPointsSmall/cannedPackagedFactory/cannedPackagedFactory.xml,36000.0,36000.0,preservedFoodCannedPea,1.0,PEA:100,CANNED_PEAS:45,116.82000000000001,105.90666666666667,2.0,8.913333333333341,4038.8930441286425
FS25_BaseGame:data/placeables/brandless/productionPointsSmall/cannedPackagedFactory/cannedPackagedFactory.xml,36000.0,36000.0,preservedFoodSpinachBags,1.0,SPINACH:100,SPINACH_BAGS:45,34.875,22.073333333333338,2.0,10.801666666666662,3332.819009412129
FS25_BaseGame:data/placeables/brandless/productionPointsSmall/cannedPackagedFactory/cannedPackagedFactory.xml,36000.0,36000.0,preservedFoodRiceBags,1.0,RICELONGGRAIN:100,RICE_BAGS:45,65.88,53.17666666666667,2.0,10.703333333333326,3363.4381812519487
FS25_BaseGame:data/placeables/brandless/productionPointsSmall/cannedPackagedFactory/cannedPackagedFactory.xml,36000.0,36000.0,preservedFoodRiceBoxes,1.0,RICE:100,RICE_BOXES:45,122.85,110.36666666666667,2.0,10.48333333333332,3434.0222575516736
FS25_BaseGame:data/placeables/brandless/productionPointsSmall/cannedPackagedFactory/cannedPackagedFactory.xml,36000.0,36000.0,preservedFoodjarredGreenbean,1.0,GREENBEAN:100,JARRED_GREENBEAN:45,84.86999999999999,72.24000000000001,2.0,10.629999999999981,3386.6415804327435
FS25_BaseGame:data/placeables/brandless/productionPointsSmall/cannedPackagedFactory/cannedPackagedFactory.xml,36000.0,36000.0,preservedFoodFermentedNapaCabbage,1.0,NAPACABBAGE:20;GARLIC:2;SPRING_ONION:2;CHILLI:2,FERMENTEDNAPACABBAGE:42,27.3,9.72425,5.0,12.57575,2862.652326898992
FS25_BaseGame:data/placeables/brandless/productionPointsSmall/cannedPackagedFactory/cannedPackagedFactory.xml,36000.0,36000.0,noodleSoupFlour,1.0,FLOUR:55;EGG:10,NOODLESOUP:40,62.0,49.16295833333333,2.0,10.837041666666671,3321.939797530844
FS25_BaseGame:data/placeables/brandless/productionPointsSmall/cannedPackagedFactory/cannedPackagedFactory.xml,36000.0,36000.0,noodleSoupRiceFlour,1.0,RICEFLOUR:42;EGG:10,NOODLESOUP:40,62.0,49.43318333333333,1.0,11.566816666666668,3112.35156892778
FS25_BaseGame:data/placeables/brandless/productionPointsSmall/cannedPackagedFactory/cannedPackagedFactory.xml,36000.0,36000.0,riceRollsRiceLongGrain,1.0,RICELONGGRAIN:60,RICEROLLS:30,46.5,31.906000000000002,5.0,9.593999999999998,3752.345215759851
FS25_BaseGame:data/placeables/brandless/productionPointsSmall/cannedPackagedFactory/cannedPackagedFactory.xml,36000.0,36000.0,riceRollsRice,1.0,RICE:56,RICEROLLS:50,77.5,61.80533333333334,7.0,8.694666666666663,4140.469253182029
FS25_BaseGame:data/placeables/brandless/productionPointsSmall/carpenter/carpenter.xml,36000.0,36000.0,furnitureWood,5.0,WOOD:1,FURNITURE:1.7,16.105375,5.0,3.0,8.105374999999999,4441.497154665886
FS25_BaseGame:data/placeables/brandless/productionPointsSmall/carpenter/carpenter.xml,36000.0,36000.0,furnitureBoards,8.0,BOARDS:1,FURNITURE:1.4,21.2212,10.105333333333334,3.0,8.115866666666665,4435.755474872268
FS25_BaseGame:data/placeables/brandless/productionPointsSmall/carpenter/carpenter.xml,36000.0,36000.0,furniturePlanks,14.0,PLANKS:1,FURNITURE:1.4,37.1371,27.174,3.0,6.963099999999997,5170.111013772604
FS25_BaseGame:data/placeables/brandless/productionPointsSmall/cementFactory/cementFactory.xml,37000.0,37000.0,cementBags,1.0,STONE:100,CEMENT:18,18.900000000000002,5.0,1.0,12.900000000000002,2868.2170542635654
FS25_BaseGame:data/placeables/brandless/productionPointsSmall/cementFactory/cementFactory.xml,37000.0,37000.0,roofPlate,1.0,STONE:100,ROOFPLATES:12.5,19.75,5.0,5.0,9.75,3794.871794871795
FS25_BaseGame:data/placeables/brandless/productionPointsSmall/cementFactory/cementFactory.xml,37000.0,37000.0,cementBrick,1.0,STONE:100,CEMENTBRICKS:12.5,19.75,5.0,2.0,12.75,2901.9607843137255
FS25_BaseGame:data/placeables/brandless/productionPointsSmall/cementFactory/cementFactory.xml,37000.0,37000.0,cementBagsWoodChips,2.0,STONE:100;WOODCHIPS:100,CEMENT:18,37.800000000000004,73.89333333333335,0.5,-36.59333333333334,
FS25_BaseGame:data/placeables/brandless/productionPointsSmall/cementFactory/cementFactory.xml,37000.0,37000.0,roofPlateWoodChips,2.0,STONE:100;WOODCHIPS:100,ROOFPLATES:12.5,39.5,73.89333333333335,2.5,-36.893333333333345,
FS25_BaseGame:data/placeables/brandless/productionPointsSmall/cementFactory/cementFactory.xml,37000.0,37000.0,cementBrickWoodChips,2.0,STONE:100;WOODCHIPS:100,CEMENTBRICKS:12.5,39.5,73.89333333333335,1.0,-35.393333333333345,
FS25_BaseGame:data/placeables/brandless/productionPointsSmall/dairy/dairy.xml,36000.0,36000.0,butter_milk,2.0,MILK:15,BUTTER:13,29.21706666666667,21.07,1.0,7.147066666666671,5037.03150943044
FS25_BaseGame:data/placeables/brandless/productionPointsSmall/dairy/dairy.xml,36000.0,36000.0,butter_goatMilk,3.1,GOATMILK:3,BUTTER:10,34.835733333333344,26.313420000000004,4.0,4.52231333333334,7960.527576594268
FS25_BaseGame:data/placeables/brandless/productionPointsSmall/dairy/dairy.xml,36000.0,36000.0,butter_buffaloMilk,0.22,BUFFALOMILK:3,BUTTER:45,11.124960000000002,2.3177,8.0,0.8072600000000012,44595.2976736119
FS25_BaseGame:data/placeables/brandless/productionPointsSmall/dairy/dairy.xml,36000.0,36000.0,cheese,5.5,MILK:3,CHEESE:2,19.866000000000003,11.588500000000002,1.0,7.277500000000002,4946.75369288904
FS25_BaseGame:data/placeables/brandless/productionPointsSmall/dairy/dairy.xml,36000.0,36000.0,goatcheese,4.0,GOATMILK:3,GOATCHEESE:6,42.38080000000001,33.9528,4.0,4.428000000000004,8130.081300813
FS25_BaseGame:data/placeables/brandless/productionPointsSmall/dairy/dairy.xml,36000.0,36000.0,buffalomozzarella,2.0,BUFFALOMILK:3,BUFFALOMOZZARELLA:2,30.1,21.07,8.0,1.0300000000000011,34951.456310679576
FS25_BaseGame:data/placeables/brandless/productionPointsSmall/dairy/dairy.xml,36000.0,36000.0,chocolate,10.5,MILK:1;SUGAR:1,CHOCOLATE:1,20.877499999999998,12.642000000000001,1.0,7.2354999999999965,4975.468177734782
FS25_BaseGame:data/placeables/brandless/productionPointsSmall/dairy/dairy.xml,36000.0,36000.0,milkBottled,2.0,MILK:10,MILK_BOTTLED:20,23.27733333333333,14.046666666666667,1.0,8.230666666666664,4373.886278956748
FS25_BaseGame:data/placeables/brandless/productionPointsSmall/dairy/dairy.xml,36000.0,36000.0,goatmilkBottled,0.6,GOATMILK:10,GOATMILK_BOTTLED:20,25.404400000000003,16.976399999999998,4.0,4.428000000000004,8130.081300813
FS25_BaseGame:data/placeables/brandless/productionPointsSmall/dairy/dairy.xml,36000.0,36000.0,buffalomilkBottled,0.6,BUFFALOMILK:10,BUFFALOMILK_BOTTLED:20,29.979600000000005,21.07,8.0,0.9096000000000046,39577.8364116093
FS25_BaseGame:data/placeables/brandless/productionPointsSmall/grainFlourMill/grainFlourMill.xml,36000.0,36000.0,flourWheat,10.5,WHEAT:5,FLOUR:4,29.004149999999992,17.707243749999996,1.0,10.296906249999996,3496.1957626835747
FS25_BaseGame:data/placeables/brandless/productionPointsSmall/grainFlourMill/grainFlourMill.xml,36000.0,36000.0,flourBarley,2.0,BARLEY:30,FLOUR:22,30.385299999999994,18.79565,1.0,10.589649999999995,3399.5457829106736
FS25_BaseGame:data/placeables/brandless/productionPointsSmall/grainFlourMill/grainFlourMill.xml,36000.0,36000.0,flourOat,5.0,OAT:15,FLOUR:15,51.79312499999999,39.933249999999994,1.0,10.859874999999995,3314.95528263447
FS25_BaseGame:data/placeables/brandless/productionPointsSmall/grainFlourMill/grainFlourMill.xml,36000.0,36000.0,flourSorghum,5.0,SORGHUM:15,FLOUR:13,44.88737499999999,32.276875,1.0,11.610499999999995,3100.6416605658687
FS25_BaseGame:data/placeables/brandless/productionPointsSmall/grainFlourMill/grainFlourMill.xml,36000.0,36000.0,flourRiceLongGrain,3.0,RICELONGGRAIN:15,RICEFLOUR:13,35.519575,23.9295,2.0,9.590075000000002,3753.8809654773286
FS25_BaseGame:data/placeables/brandless/productionPointsSmall/grainFlourMill/grainFlourMill.xml,36000.0,36000.0,flourRice,3.0,RICE:9,RICEFLOUR:15,40.984125,29.799000000000007,1.0,10.185124999999992,3534.566340619288
FS25_BaseGame:data/placeables/brandless/productionPointsSmall/grapeProcessingPlant/grapeProcessingPlant.xml,36000.0,36000.0,raisins,22.0,GRAPE:2,RAISINS:1,36.51743333333333,25.802370000000003,2.5,8.215063333333326,4382.193847967904
FS25_BaseGame:data/placeables/brandless/productionPointsSmall/grapeProcessingPlant/grapeProcessingPlant.xml,36000.0,36000.0,grapejuice,3.0,GRAPE:14,GRAPEJUICE:7,35.429624999999994,24.629535000000004,2.5,8.30008999999999,4337.302366600849
FS25_BaseGame:data/placeables/brandless/productionPointsSmall/oilPlant/oilPlant.xml,36000.0,36000.0,sunflower_oil,2.0,SUNFLOWER:20,SUNFLOWER_OIL:10,35.6,26.92,2.5,6.18,5825.242718446602
FS25_BaseGame:data/placeables/brandless/productionPointsSmall/oilPlant/oilPlant.xml,36000.0,36000.0,canola_oil,2.0,CANOLA:20,CANOLA_OIL:10,32.82733333333333,24.140099999999997,2.5,6.187233333333332,5818.432578912493
FS25_BaseGame:data/placeables/brandless/productionPointsSmall/oilPlant/oilPlant.xml,36000.0,36000.0,olive_oil,1.0,OLIVE:25,OLIVE_OIL:10,23.729,14.6604375,2.5,6.568562499999999,5480.651207931721
FS25_BaseGame:data/placeables/brandless/productionPointsSmall/oilPlant/oilPlant.xml,36000.0,36000.0,rice_oil_longGrainRice,2.0,RICELONGGRAIN:25,RICE_OIL:10,34.621,26.588333333333335,2.5,5.5326666666666675,6506.808049162549
FS25_BaseGame:data/placeables/brandless/productionPointsSmall/oilPlant/oilPlant.xml,36000.0,36000.0,rice_oil_rice,2.0,RICE:12,RICE_OIL:10,34.621,26.488000000000003,2.5,5.632999999999999,6390.910704775431
FS25_BaseGame:data/placeables/brandless/productionPointsSmall/sawmill/sawmill.xml,36000.0,36000.0,boards,1.0,WOOD:41,BOARDS:41,51.789833333333334,41.0,2.0,8.789833333333334,4095.640797133051
FS25_BaseGame:data/placeables/brandless/productionPointsSmall/sawmill/sawmill.xml,36000.0,36000.0,planks,1.0,WOOD:41,PLANKS:27,52.407000000000004,41.0,2.0,9.407000000000004,3826.9373870521936
FS25_BaseGame:data/placeables/brandless/productionPointsSmall/sawmill/sawmill.xml,36000.0,36000.0,woodBeam,1.0,WOOD:41,WOODBEAM:18,52.416,41.0,2.0,9.415999999999997,3823.279524214105
FS25_BaseGame:data/placeables/brandless/productionPointsSmall/spinnery/spinnery.xml,36000.0,36000.0,fabric_wool,6.0,WOOL:3,FABRIC:1,24.080000000000002,16.9764,5.0,2.1036,17113.51968054763
FS25_BaseGame:data/placeables/brandless/productionPointsSmall/spinnery/spinnery.xml,36000.0,36000.0,fabric_cotton,10.0,COTTON:9,FABRIC:3,120.4,112.68,5.0,2.719999999999999,13235.294117647065
FS25_BaseGame:data/placeables/brandless/productionPointsSmall/sugarMill/sugarMill.xml,36000.0,36000.0,sugarbeet_sugar,53.0,SUGARBEET:2,SUGAR:1.05,27.91775,18.61183333333333,5.0,4.305916666666672,8360.589111880929
FS25_BaseGame:data/placeables/brandless/productionPointsSmall/sugarMill/sugarMill.xml,36000.0,36000.0,sugarbeetCut_sugar,24.5,SUGARBEET_CUT:5,SUGAR:3,36.8725,27.7615625,3.0,6.110937500000002,5891.076451035538
FS25_BaseGame:data/placeables/brandless/productionPointsSmall/sugarMill/sugarMill.xml,36000.0,36000.0,sugarcane_sugar,36.5,SUGARCANE:2,SUGAR:1,18.310833333333335,8.715956666666667,5.0,4.594876666666668,7834.813121570907
FS25_BaseGame:data/placeables/brandless/productionPointsSmall/tailorShop/tailorShop.xml,36000.0,36000.0,clothes,10.0,FABRIC:4,CLOTHES:2,170.5666666666667,160.53333333333336,10.0,0.03333333333333144,1080000.0000000615
FS25_BaseGame:data/placeables/mapEU/bakery/bakery.xml,150000.0,150000.0,bread,5.0,FLOUR:90,BREAD:45,371.55937499999993,310.7587499999999,2.5,58.300625000000025,2572.8712170752874
FS25_BaseGame:data/placeables/mapEU/bakery/bakery.xml,150000.0,150000.0,breadRiceFlour,2.0,RICEFLOUR:68,BREAD:45,148.62374999999997,123.86313333333334,3.0,21.760616666666635,6893.187003738415
FS25_BaseGame:data/placeables/mapEU/bakery/bakery.xml,150000.0,150000.0,cake,2.0,FLOUR:8;SUGAR:8;MILK_BOTTLED:8;EGG:8;BUTTER:8;STRAWBERRY:8,CAKE:21,139.062,71.47466666666666,2.5,65.08733333333335,2304.5958763097783
FS25_BaseGame:data/placeables/mapEU/bakery/bakery.xml,150000.0,150000.0,cakeRiceFlour,2.0,RICEFLOUR:6;SUGAR:8;MILK_BOTTLED:8;EGG:8;BUTTER:8;STRAWBERRY:8,CAKE:21,139.062,71.35456666666668,2.5,65.20743333333333,2300.351238074596
FS25_BaseGame:data/placeables/mapEU/carpenter/carpenter.xml,300000.0,300000.0,furnitureWood,5.0,WOOD:10,FURNITURE:17,161.05374999999998,50.0,3.0,108.05374999999998,2776.3960066170775
FS25_BaseGame:data/placeables/mapEU/carpenter/carpenter.xml,300000.0,300000.0,furnitureBoards,8.0,BOARDS:10,FURNITURE:14,212.212,101.05333333333334,3.0,108.15866666666665,2773.7028316424025
FS25_BaseGame:data/placeables/mapEU/carpenter/carpenter.xml,300000.0,300000.0,furniturePlanks,14.0,PLANKS:10,FURNITURE:14,371.371,271.74,3.0,96.63099999999997,3104.593763905994
FS25_BaseGame:data/placeables/mapEU/cementFactoryEU/cementFactoryPlaceable.xml,370000.0,370000.0,cementBags,1.0,STONE:1000,CEMENT:180,189.0,50.0,1.0,138.0,2681.159420289855
FS25_BaseGame:data/placeables/mapEU/cementFactoryEU/cementFactoryPlaceable.xml,370000.0,370000.0,roofPlate,1.0,STONE:1000,ROOFPLATES:125,197.5,50.0,5.0,142.5,2596.4912280701756
FS25_BaseGame:data/placeables/mapEU/cementFactoryEU/cementFactoryPlaceable.xml,370000.0,370000.0,cementBrick,1.0,STONE:1000,CEMENTBRICKS:125,197.5,50.0,2.0,145.5,2542.955326460481
FS25_BaseGame:data/placeables/mapEU/dairy/dairyPlaceable.xml,210000.0,210000.0,butter_milk,20.0,MILK:15,BUTTER:13,292.1706666666667,210.7,1.0,80.47066666666672,2609.6465792918316
FS25_BaseGame:data/placeables/mapEU/dairy/dairyPlaceable.xml,210000.0,210000.0,butter_goatMilk,31.0,GOATMILK:3,BUTTER:10,348.35733333333343,263.1342,4.0,81.22313333333341,2585.4703134657016
FS25_BaseGame:data/placeables/mapEU/dairy/dairyPlaceable.xml,210000.0,210000.0,butter_buffaloMilk,2.2,BUFFALOMILK:3,BUTTER:45,111.24960000000002,23.177000000000003,8.0,80.07260000000001,2622.619972375069
FS25_BaseGame:data/placeables/mapEU/dairy/dairyPlaceable.xml,210000.0,210000.0,cheese,55.0,MILK:3,CHEESE:2,198.66000000000003,115.885,1.0,81.77500000000002,2568.022011617242
FS25_BaseGame:data/placeables/mapEU/dairy/dairyPlaceable.xml,210000.0,210000.0,goatcheese,40.0,GOATMILK:3,GOATCHEESE:6,423.8080000000001,339.528,4.0,80.28000000000009,2615.8445440956625
FS25_BaseGame:data/placeables/mapEU/dairy/dairyPlaceable.xml,210000.0,210000.0,buffalomozzarella,20.0,BUFFALOMILK:3,BUFFALOMOZZARELLA:2,301.0,210.7,8.0,82.30000000000001,2551.6403402187116
FS25_BaseGame:data/placeables/mapEU/dairy/dairyPlaceable.xml,210000.0,210000.0,chocolate,105.0,MILK:1;SUGAR:1,CHOCOLATE:1,208.775,126.42000000000002,1.0,81.35499999999999,2581.279577161822
FS25_BaseGame:data/placeables/mapEU/dairy/dairyPlaceable.xml,210000.0,210000.0,milkBottled,20.0,MILK:10,MILK_BOTTLED:20,232.7733333333333,140.46666666666667,1.0,91.30666666666664,2299.9415887850473
FS25_BaseGame:data/placeables/mapEU/dairy/dairyPlaceable.xml,210000.0,210000.0,goatmilkBottled,6.0,GOATMILK:10,GOATMILK_BOTTLED:20,254.04400000000004,169.764,4.0,80.28000000000003,2615.8445440956643
FS25_BaseGame:data/placeables/mapEU/dairy/dairyPlaceable.xml,210000.0,210000.0,buffalomilkBottled,6.0,BUFFALOMILK:10,BUFFALOMILK_BOTTLED:20,299.79600000000005,210.7,8.0,81.09600000000006,2589.523527670907
FS25_BaseGame:data/placeables/mapEU/potatoProcessingPlant/potatoProcessingPlantPlaceable.xml,360000.0,360000.0,potatoChips_sunflowerOil,10.0,POTATO:100;SUNFLOWER_OIL:5,POTATOCHIPS:30,450.0,315.625,5.0,129.375,2782.608695652174
FS25_BaseGame:data/placeables/mapEU/potatoProcessingPlant/potatoProcessingPlantPlaceable.xml,360000.0,360000.0,potatoChips_canolaOil,10.0,POTATO:100;CANOLA_OIL:5,POTATOCHIPS:30,450.0,308.69333333333327,8.0,133.30666666666673,2700.540108021603
FS25_BaseGame:data/placeables/mapEU/potatoProcessingPlant/potatoProcessingPlantPlaceable.xml,360000.0,360000.0,potatoChips_oliveOil,10.0,POTATO:100;OLIVE_OIL:4,POTATOCHIPS:30,450.0,321.541,2.0,126.459,2846.7724717101987
FS25_BaseGame:data/placeables/mapEU/preservedFoodFactory/preservedFoodFactoryPlaceable.xml,330000.0,330000.0,preservedFoodCarrots,10.0,CARROT:100,PRESERVEDCARROTS:45,261.0,134.75,4.0,122.25,2699.3865030674847
FS25_BaseGame:data/placeables/mapEU/preservedFoodFactory/preservedFoodFactoryPlaceable.xml,330000.0,330000.0,preservedFoodParsnip,10.0,PARSNIP:100,PRESERVEDPARSNIP:45,260.09999999999997,133.72916666666666,4.0,122.37083333333331,2696.7210323810828
FS25_BaseGame:data/placeables/mapEU/preservedFoodFactory/preservedFoodFactoryPlaceable.xml,330000.0,330000.0,preservedFoodBeetRoot,10.0,BEETROOT:100,PRESERVEDBEETROOT:45,252.00000000000003,124.54166666666666,4.0,123.45833333333337,2672.96658791765
FS25_BaseGame:data/placeables/mapEU/preservedFoodFactory/preservedFoodFactoryPlaceable.xml,330000.0,330000.0,preservedFoodCannedPea,10.0,PEA:100,CANNED_PEAS:45,1168.2,1059.0666666666666,2.0,107.13333333333344,3080.2738021157406
FS25_BaseGame:data/placeables/mapEU/preservedFoodFactory/preservedFoodFactoryPlaceable.xml,330000.0,330000.0,preservedFoodSpinachBags,10.0,SPINACH:100,SPINACH_BAGS:45,348.75,220.73333333333338,2.0,126.01666666666662,2618.7012299960334
FS25_BaseGame:data/placeables/mapEU/preservedFoodFactory/preservedFoodFactoryPlaceable.xml,330000.0,330000.0,preservedFoodRiceBags,10.0,RICELONGGRAIN:100,RICE_BAGS:45,658.8,531.7666666666667,2.0,125.0333333333333,2639.296187683285
FS25_BaseGame:data/placeables/mapEU/preservedFoodFactory/preservedFoodFactoryPlaceable.xml,330000.0,330000.0,preservedFoodRiceBoxes,10.0,RICE:100,RICE_BOXES:45,1228.5,1103.6666666666667,2.0,122.83333333333326,2686.567164179106
FS25_BaseGame:data/placeables/mapEU/preservedFoodFactory/preservedFoodFactoryPlaceable.xml,330000.0,330000.0,preservedFoodjarredGreenbean,10.0,GREENBEAN:100,JARRED_GREENBEAN:45,848.6999999999999,722.4000000000001,2.0,124.29999999999984,2654.8672566371715
FS25_BaseGame:data/placeables/mapEU/preservedFoodFactory/preservedFoodFactoryPlaceable.xml,330000.0,330000.0,preservedFoodFermentedNapaCabbage,10.0,NAPACABBAGE:20;GARLIC:2;SPRING_ONION:2;CHILLI:2,FERMENTEDNAPACABBAGE:42,273.0,97.24249999999999,5.0,170.7575,1932.565187473464
FS25_BaseGame:data/placeables/mapEU/preservedFoodFactory/preservedFoodFactoryPlaceable.xml,330000.0,330000.0,noodleSoupFlour,10.0,FLOUR:55;EGG:10,NOODLESOUP:40,620.0,491.6295833333333,2.0,126.3704166666667,2611.3706728565817
FS25_BaseGame:data/placeables/mapEU/preservedFoodFactory/preservedFoodFactoryPlaceable.xml,330000.0,330000.0,noodleSoupRiceFlour,10.0,RICEFLOUR:42;EGG:10,NOODLESOUP:40,620.0,494.3318333333333,1.0,124.6681666666667,2647.026974274373
FS25_BaseGame:data/placeables/mapEU/preservedFoodFactory/preservedFoodFactoryPlaceable.xml,330000.0,330000.0,riceRollsRiceLongGrain,10.0,RICELONGGRAIN:60,RICEROLLS:30,465.0,319.06,5.0,140.94,2341.421881651767
FS25_BaseGame:data/placeables/mapEU/preservedFoodFactory/preservedFoodFactoryPlaceable.xml,330000.0,330000.0,riceRollsRice,10.0,RICE:56,RICEROLLS:50,775.0,618.0533333333334,7.0,149.9466666666666,2200.7825004446036
FS25_BaseGame:data/placeables/mapEU/soupFactory/soupFactoryPlaceable.xml,405000.0,405000.0,soupCansMixed,5.0,CARROT:100;PARSNIP:100;BEETROOT:100,SOUPCANSMIXED:75,352.5,196.51041666666663,5.0,150.98958333333337,2682.3042428423587
FS25_BaseGame:data/placeables/mapEU/soupFactory/soupFactoryPlaceable.xml,405000.0,405000.0,soupCansCarrots,6.0,CARROT:300,SOUPCANSCARROTS:75,398.25,242.55,5.0,150.7,2687.4585268745855
FS25_BaseGame:data/placeables/mapEU/soupFactory/soupFactoryPlaceable.xml,405000.0,405000.0,soupCansParsnip,6.0,PARSNIP:300,SOUPCANSPARSNIP:75,396.0,240.71249999999995,5.0,150.28750000000005,2694.8348997754297
FS25_BaseGame:data/placeables/mapEU/soupFactory/soupFactoryPlaceable.xml,405000.0,405000.0,soupCansBeetroot,6.0,BEETROOT:300,SOUPCANSBEETROOT:75,380.25,224.17499999999998,5.0,151.07500000000002,2680.7876882343203
FS25_BaseGame:data/placeables/mapEU/soupFactory/soupFactoryPlaceable.xml,405000.0,405000.0,soupCansPotato,6.0,POTATO:300,SOUPCANSPOTATO:75,560.2500000000001,407.92499999999995,5.0,147.32500000000016,2749.024266078395
FS25_BaseGame:data/placeables/mapEU/spinnery/spinneryPlaceable.xml,180000.0,180000.0,fabric_wool,60.0,WOOL:3,FABRIC:1,240.8,169.764,5.0,66.036,2725.7859349445757
FS25_BaseGame:data/placeables/mapEU/spinnery/spinneryPlaceable.xml,180000.0,180000.0,fabric_cotton,100.0,COTTON:9,FABRIC:3,1204.0,1126.8000000000002,5.0,72.19999999999982,2493.0747922437736
FS25_BaseGame:data/placeables/mapUS/bakeryUS/bakeryUS.xml,50000.0,50000.0,bread,5.0,FLOUR:90,BREAD:45,371.55937499999993,310.7587499999999,2.5,58.300625000000025,857.6237390250958
FS25_BaseGame:data/placeables/mapUS/bakeryUS/bakeryUS.xml,50000.0,50000.0,breadRiceFlour,2.0,RICEFLOUR:68,BREAD:45,148.62374999999997,123.86313333333334,3.0,21.760616666666635,2297.7290012461385
FS25_BaseGame:data/placeables/mapUS/bakeryUS/bakeryUS.xml,50000.0,50000.0,cake,2.0,FLOUR:8;SUGAR:8;MILK_BOTTLED:8;EGG:8;BUTTER:8;STRAWBERRY:8,CAKE:21,139.062,71.47466666666666,2.5,65.08733333333335,768.1986254365927
FS25_BaseGame:data/placeables/mapUS/bakeryUS/bakeryUS.xml,50000.0,50000.0,cakeRiceFlour,2.0,RICEFLOUR:6;SUGAR:8;MILK_BOTTLED:8;EGG:8;BUTTER:8;STRAWBERRY:8,CAKE:21,139.062,71.35456666666668,2.5,65.20743333333333,766.7837460248653
FS25_BaseGame:data/placeables/mapUS/cannedPackagedFactoryUS/cannedPackagedFactoryUS.xml,330000.0,330000.0,preservedFoodCarrots,10.0,CARROT:100,PRESERVEDCARROTS:45,261.0,134.75,4.0,122.25,2699.3865030674847
FS25_BaseGame:data/placeables/mapUS/cannedPackagedFactoryUS/cannedPackagedFactoryUS.xml,330000.0,330000.0,preservedFoodParsnip,10.0,PARSNIP:100,PRESERVEDPARSNIP:45,260.09999999999997,133.72916666666666,4.0,122.37083333333331,2696.7210323810828
FS25_BaseGame:data/placeables/mapUS/cannedPackagedFactoryUS/cannedPackagedFactoryUS.xml,330000.0,330000.0,preservedFoodBeetRoot,10.0,BEETROOT:100,PRESERVEDBEETROOT:45,252.00000000000003,124.54166666666666,4.0,123.45833333333337,2672.96658791765
FS25_BaseGame:data/placeables/mapUS/cannedPackagedFactoryUS/cannedPackagedFactoryUS.xml,330000.0,330000.0,preservedFoodCannedPea,10.0,PEA:100,CANNED_PEAS:45,1168.2,1059.0666666666666,2.0,107.13333333333344,3080.2738021157406
FS25_BaseGame:data/placeables/mapUS/cannedPackagedFactoryUS/cannedPackagedFactoryUS.xml,330000.0,330000.0,preservedFoodSpinachBags,10.0,SPINACH:100,SPINACH_BAGS:45,348.75,220.73333333333338,2.0,126.01666666666662,2618.7012299960334
FS25_BaseGame:data/placeables/mapUS/cannedPackagedFactoryUS/cannedPackagedFactoryUS.xml,330000.0,330000.0,preservedFoodRiceBags,10.0,RICELONGGRAIN:100,RICE_BAGS:45,658.8,531.7666666666667,2.0,125.0333333333333,2639.296187683285
FS25_BaseGame:data/placeables/mapUS/cannedPackagedFactoryUS/cannedPackagedFactoryUS.xml,330000.0,330000.0,preservedFoodRiceBoxes,10.0,RICE:100,RICE_BOXES:45,1228.5,1103.6666666666667,2.0,122.83333333333326,2686.567164179106
FS25_BaseGame:data/placeables/mapUS/cannedPackagedFactoryUS/cannedPackagedFactoryUS.xml,330000.0,330000.0,preservedFoodjarredGreenbean,10.0,GREENBEAN:100,JARRED_GREENBEAN:45,848.6999999999999,722.4000000000001,2.0,124.29999999999984,2654.8672566371715
FS25_BaseGame:data/placeables/mapUS/cannedPackagedFactoryUS/cannedPackagedFactoryUS.xml,330000.0,330000.0,preservedFoodFermentedNapaCabbage,10.0,NAPACABBAGE:20;GARLIC:2;SPRING_ONION:2;CHILLI:2,FERMENTEDNAPACABBAGE:42,273.0,97.24249999999999,5.0,170.7575,1932.565187473464
FS25_BaseGame:data/placeables/mapUS/cannedPackagedFactoryUS/cannedPackagedFactoryUS.xml,330000.0,330000.0,noodleSoupFlour,10.0,FLOUR:55;EGG:10,NOODLESOUP:40,620.0,491.6295833333333,2.0,126.3704166666667,2611.3706728565817
FS25_BaseGame:data/placeables/mapUS/cannedPackagedFactoryUS/cannedPackagedFactoryUS.xml,330000.0,330000.0,noodleSoupRiceFlour,10.0,RICEFLOUR:42;EGG:10,NOODLESOUP:40,620.0,494.3318333333333,1.0,124.6681666666667,2647.026974274373
FS25_BaseGame:data/placeables/mapUS/cannedPackagedFactoryUS/cannedPackagedFactoryUS.xml,330000.0,330000.0,riceRollsRiceLongGrain,10.0,RICELONGGRAIN:60,RICEROLLS:30,465.0,319.06,5.0,140.94,2341.421881651767
FS25_BaseGame:data/placeables/mapUS/cannedPackagedFactoryUS/cannedPackagedFactoryUS.xml,330000.0,330000.0,riceRollsRice,10.0,RICE:56,RICEROLLS:50,775.0,618.0533333333334,7.0,149.9466666666666,2200.7825004446036
FS25_BaseGame:data/placeables/mapUS/carpenterUS/carpenterUS.xml,300000.0,300000.0,furnitureWood,5.0,WOOD:10,FURNITURE:17,161.05374999999998,50.0,3.0,108.05374999999998,2776.3960066170775
FS25_BaseGame:data/placeables/mapUS/carpenterUS/carpenterUS.xml,300000.0,300000.0,furnitureBoards,8.0,BOARDS:10,FURNITURE:14,212.212,101.05333333333334,3.0,108.15866666666665,2773.7028316424025
FS25_BaseGame:data/placeables/mapUS/carpenterUS/carpenterUS.xml,300000.0,300000.0,furniturePlanks,14.0,PLANKS:10,FURNITURE:14,371.371,271.74,3.0,96.63099999999997,3104.593763905994
FS25_BaseGame:data/placeables/mapUS/cementFactoryUS/cementFactoryUS.xml,370000.0,370000.0,cementBags,1.0,STONE:1000,CEMENT:180,189.0,50.0,1.0,138.0,2681.159420289855
FS25_BaseGame:data/placeables/mapUS/cementFactoryUS/cementFactoryUS.xml,370000.0,370000.0,roofPlate,1.0,STONE:1000,ROOFPLATES:125,197.5,50.0,5.0,142.5,2596.4912280701756
FS25_BaseGame:data/placeables/mapUS/cementFactoryUS/cementFactoryUS.xml,370000.0,370000.0,cementBrick,1.0,STONE:1000,CEMENTBRICKS:125,197.5,50.0,2.0,145.5,2542.955326460481
FS25_BaseGame:data/placeables/mapUS/cooperUS/cooperUS.xml,300000.0,300000.0,barrelPlanks,1.0,PLANKS:170,BARREL:250;WOODCHIPS:60,464.168,329.97,2.0,132.19799999999998,2269.3232877955797
FS25_BaseGame:data/placeables/mapUS/cooperUS/cooperUS.xml,300000.0,300000.0,bucketPlanks,2.0,PLANKS:50,BUCKET:111;WOODCHIPS:60,324.716,194.1,2.0,128.616,2332.5247247620823
FS25_BaseGame:data/placeables/mapUS/cooperUS/cooperUS.xml,300000.0,300000.0,bathtubPlanks,2.5,PLANKS:85,BATHTUB:130;WOODCHIPS:60,603.67,412.46250000000003,2.0,189.20749999999992,1585.560826077191
FS25_BaseGame:data/placeables/mapUS/cooperUS/cooperUS.xml,300000.0,300000.0,barrelBoards,1.0,BOARDS:250,BARREL:248;WOODCHIPS:60,460.608,315.7916666666667,2.0,142.81633333333332,2100.600071420403
FS25_BaseGame:data/placeables/mapUS/cooperUS/cooperUS.xml,300000.0,300000.0,bucketBoards,2.0,BOARDS:100,BUCKET:137;WOODCHIPS:60,391.79600000000005,252.63333333333335,2.0,137.1626666666667,2187.1840734116176
FS25_BaseGame:data/placeables/mapUS/cooperUS/cooperUS.xml,300000.0,300000.0,bathtubBoards,2.5,BOARDS:87,BATHTUB:110;WOODCHIPS:60,518.17,274.73875000000004,2.0,241.43124999999992,1242.589764166818
FS25_BaseGame:data/placeables/mapUS/grainFlourMillUS/grainFlourMillUS.xml,288000.0,288000.0,flourWheat,105.0,WHEAT:5,FLOUR:4,290.0414999999999,177.07243749999998,1.0,111.96906249999995,2572.1390674321324
FS25_BaseGame:data/placeables/mapUS/grainFlourMillUS/grainFlourMillUS.xml,288000.0,288000.0,flourBarley,20.0,BARLEY:30,FLOUR:22,303.85299999999995,187.95649999999998,1.0,114.89649999999997,2506.6037694794886
FS25_BaseGame:data/placeables/mapUS/grainFlourMillUS/grainFlourMillUS.xml,288000.0,288000.0,flourOat,50.0,OAT:15,FLOUR:15,517.9312499999999,399.3325,1.0,117.59874999999988,2449.0056229339198
FS25_BaseGame:data/placeables/mapUS/grainFlourMillUS/grainFlourMillUS.xml,288000.0,288000.0,flourSorghum,50.0,SORGHUM:15,FLOUR:13,448.8737499999999,322.76874999999995,1.0,125.10499999999996,2302.066264337957
FS25_BaseGame:data/placeables/mapUS/grainFlourMillUS/grainFlourMillUS.xml,288000.0,288000.0,flourRiceLongGrain,30.0,RICELONGGRAIN:15,RICEFLOUR:13,355.19575000000003,239.29500000000002,2.0,113.90075000000002,2528.51715199417
FS25_BaseGame:data/placeables/mapUS/grainFlourMillUS/grainFlourMillUS.xml,288000.0,288000.0,flourRice,30.0,RICE:9,RICEFLOUR:15,409.84125,297.99000000000007,1.0,110.85124999999994,2598.076250831634
FS25_BaseGame:data/placeables/mapUS/oilPlantUS/oilPlantUS.xml,240000.0,240000.0,sunflower_oil,20.0,SUNFLOWER:20,SUNFLOWER_OIL:10,356.0,269.20000000000005,2.5,84.29999999999995,2846.975088967973
FS25_BaseGame:data/placeables/mapUS/oilPlantUS/oilPlantUS.xml,240000.0,240000.0,canola_oil,20.0,CANOLA:20,CANOLA_OIL:10,328.2733333333333,241.40099999999995,2.5,84.37233333333336,2844.534345776853
FS25_BaseGame:data/placeables/mapUS/oilPlantUS/oilPlantUS.xml,240000.0,240000.0,olive_oil,10.0,OLIVE:25,OLIVE_OIL:10,237.29,146.604375,2.5,88.18562499999999,2721.5319957192573
FS25_BaseGame:data/placeables/mapUS/oilPlantUS/oilPlantUS.xml,240000.0,240000.0,rice_oil_longGrainRice,20.0,RICELONGGRAIN:25,RICE_OIL:10,346.21000000000004,265.8833333333333,2.5,77.82666666666671,3083.7759122837056
FS25_BaseGame:data/placeables/mapUS/oilPlantUS/oilPlantUS.xml,240000.0,240000.0,rice_oil_rice,20.0,RICE:12,RICE_OIL:10,346.21000000000004,264.88000000000005,2.5,78.82999999999998,3044.526195610809
FS25_BaseGame:data/placeables/mapUS/paperMill/paperMill.xml,525000.0,525000.0,cartonRoll,1.0,WOOD:420,CARTONROLL:215,623.5,420.0,5.0,198.5,2644.8362720403024
FS25_BaseGame:data/placeables/mapUS/paperMill/paperMill.xml,525000.0,525000.0,paperRoll,1.0,WOOD:535,PAPERROLL:230,736.0,535.0,3.0,198.0,2651.5151515151515
FS25_BaseGame:data/placeables/mapUS/ropemakerUS/ropeMakerUS.xml,300000.0,300000.0,ropePalletWool,10.0,WOOL:20,ROPE:3,151.5,188.6266666666667,1.0,-38.126666666666694,
FS25_BaseGame:data/placeables/mapUS/ropemakerUS/ropeMakerUS.xml,300000.0,300000.0,ropePalletCotton,8.0,COTTON:150,ROPE:40,1616.0,1502.4,0.5,113.09999999999991,2652.519893899206
FS25_BaseGame:data/placeables/mapUS/sawmillUS/sawmillUS.xml,300000.0,300000.0,boards,1.0,WOOD:416,BOARDS:410;WOODCHIPS:120,556.2343333333334,416.0,2.0,138.23433333333344,2170.2278498105857
FS25_BaseGame:data/placeables/mapUS/sawmillUS/sawmillUS.xml,300000.0,300000.0,planks,1.0,WOOD:416,PLANKS:275;WOODCHIPS:120,572.111,416.0,2.0,154.111,1946.6488440150283
FS25_BaseGame:data/placeables/mapUS/sawmillUS/sawmillUS.xml,300000.0,300000.0,woodBeam,1.0,WOOD:416,WOODBEAM:183;WOODCHIPS:150,580.8159999999999,416.0,2.0,162.81599999999992,1842.570754716982
FS25_BaseGame:data/placeables/mapUS/sawmillUS/sawmillUS.xml,300000.0,300000.0,prefabWall,1.4,WOOD:412,PREFABWALL:100,693.0,576.8,2.0,114.20000000000005,2626.970227670752
FS25_BaseGame:data/placeables/mapUS/spinnery/spinneryUS.xml,180000.0,180000.0,fabric_wool,60.0,WOOL:3,FABRIC:1,240.8,169.764,5.0,66.036,2725.7859349445757
FS25_BaseGame:data/placeables/mapUS/spinnery/spinneryUS.xml,180000.0,180000.0,fabric_cotton,100.0,COTTON:9,FABRIC:3,1204.0,1126.8000000000002,5.0,72.19999999999982,2493.0747922437736
FS25_BaseGame:data/placeables/mapUS/tailorUS/tailorUS.xml,240000.0,240000.0,clothes,100.0,FABRIC:4,CLOTHES:2,1705.6666666666667,1605.3333333333335,10.0,90.33333333333326,2656.8265682656847
FS25_BaseGame:data/placeables/planET/bga1mw/bga1mw_mixers.xml,1500000.0,1500000.0,biogas,1.0,SILAGE:8484,ELECTRICCHARGE:85;METHANE:5090;DIGESTATE:7635,2572.624925,1026.564,25.25,1520.810925,986.3159024847221
FS25_BaseGame:data/placeables/planET/bga1mw/bga1mw_mixers.xml,1500000.0,1500000.0,biogasLiquidManure,1.0,LIQUIDMANURE:2020,ELECTRICCHARGE:20;METHANE:1212;DIGESTATE:1818,612.4939899999999,66.7711,25.25,520.4728899999999,2881.994487743637
FS25_BaseGame:data/placeables/planET/bga1mw/bga1mw_mixers.xml,1500000.0,1500000.0,biogasManure,1.0,MANURE:2020,ELECTRICCHARGE:20;METHANE:1212;DIGESTATE:1818,612.4939899999999,66.7711,25.25,520.4728899999999,2881.994487743637
FS25_BaseGame:data/placeables/planET/bga1mw/bga1mw_mixers.xml,1500000.0,1500000.0,biogasSugarbeetCut,1.0,SUGARBEET_CUT:1010,ELECTRICCHARGE:10;METHANE:606;DIGESTATE:909,306.24699499999997,228.89124999999999,25.25,52.105744999999985,28787.612575158466
FS25_BaseGame:data/placeables/planET/bga250kw/bga250kw.xml,875000.0,875000.0,biogas,1.0,SILAGE:2120,ELECTRICCHARGE:1273;METHANE:2;DIGESTATE:1910,509.5850499999999,256.52,6.3,246.76504999999992,3545.8830170642086
FS25_BaseGame:data/placeables/planET/bga250kw/bga250kw.xml,875000.0,875000.0,biogasLiquidManure,1.0,LIQUIDMANURE:505,ELECTRICCHARGE:303;METHANE:2;DIGESTATE:455,121.990025,16.692775,6.3,98.99725000000001,8838.629355865945
FS25_BaseGame:data/placeables/planET/bga250kw/bga250kw.xml,875000.0,875000.0,biogasManure,1.0,MANURE:505,ELECTRICCHARGE:303;METHANE:2;DIGESTATE:455,121.990025,16.692775,6.3,98.99725000000001,8838.629355865945
FS25_BaseGame:data/placeables/planET/bga250kw/bga250kw.xml,875000.0,875000.0,biogasSugarbeetCut,1.0,SUGARBEET_CUT:253,ELECTRICCHARGE:152;METHANE:2;DIGESTATE:227,61.60348499999999,57.336124999999996,6.3,-2.0326400000000033,
FS25_BaseGame:data/placeables/planET/bga500kw/bga500kw.xml,1180000.0,1180000.0,biogas,1.0,SILAGE:4243,ELECTRICCHARGE:2545;METHANE:42;DIGESTATE:3820,1035.9201,513.403,12.6,509.9171,2314.1016451497703
FS25_BaseGame:data/placeables/planET/bga500kw/bga500kw.xml,1180000.0,1180000.0,biogasLiquidManure,1.0,LIQUIDMANURE:1010,ELECTRICCHARGE:606;METHANE:42;DIGESTATE:910,261.08005,33.38555,12.6,215.09450000000004,5485.960821871316
FS25_BaseGame:data/placeables/planET/bga500kw/bga500kw.xml,1180000.0,1180000.0,biogasManure,1.0,MANURE:1010,ELECTRICCHARGE:606;METHANE:42;DIGESTATE:910,261.08005,33.38555,12.6,215.09450000000004,5485.960821871316
FS25_BaseGame:data/placeables/planET/bga500kw/bga500kw.xml,1180000.0,1180000.0,biogasSugarbeetCut,1.0,SUGARBEET_CUT:505,ELECTRICCHARGE:303;METHANE:42;DIGESTATE:455,139.990025,114.44562499999999,12.6,12.94440000000001,91159.11127591848
FS25_BaseGame:data/placeables/planET/bga99kw/bga99kw.xml,435000.0,435000.0,biogas,1.0,SILAGE:840,ELECTRICCHARGE:504;METHANE:1;DIGESTATE:756,201.83957999999996,101.64,2.5,97.69957999999995,4452.424462827785
FS25_BaseGame:data/placeables/planET/bga99kw/bga99kw.xml,435000.0,435000.0,biogasLiquidManure,1.0,LIQUIDMANURE:200,ELECTRICCHARGE:120;METHANE:1;DIGESTATE:180,48.3999,6.611000000000001,2.5,39.2889,11071.829448012035
FS25_BaseGame:data/placeables/planET/bga99kw/bga99kw.xml,435000.0,435000.0,biogasManure,1.0,MANURE:200,ELECTRICCHARGE:120;METHANE:1;DIGESTATE:180,48.3999,6.611000000000001,2.5,39.2889,11071.829448012035
FS25_BaseGame:data/placeables/planET/bga99kw/bga99kw.xml,435000.0,435000.0,biogasSugarbeetCut,1.0,SUGARBEET_CUT:100,ELECTRICCHARGE:60;METHANE:1;DIGESTATE:90,24.42495,22.662499999999998,2.5,-0.7375499999999988,
FS25_LimeProduction:LimeProduction.xml,110000.0,500000.0,Lime,1.0,STONE:1000,LIME:760,171.0,50.0,1.0,120.0,4166.666666666667
FS25_RH_LiquidFertillizerProduction:liquidFertilizerFactory.xml,80000.0,80000.0,LiquidFertilizerFactory,6.0,FERTILIZER:500;WATER:500,LIQUIDFERTILIZER:1000,7200.0,5111.0,2.5,2086.5,38.34172058471124
FS25_SeedProductionFactory:seedProductionFactory.xml,180000.0,180000.0,wheat_seeds,15.0,WHEAT:150;LIQUIDSEEDTREATMENT:1.2,SEEDS:150,2026.6874999999998,771.9438749999999,3.75,1250.9936249999998,143.88562531643598
FS25_SeedProductionFactory:seedProductionFactory.xml,180000.0,180000.0,barley_seeds,15.0,BARLEY:150;LIQUIDSEEDTREATMENT:1.2,SEEDS:150,2026.6874999999998,717.8988750000001,3.75,1305.0386249999997,137.9269521620481
FS25_SeedProductionFactory:seedProductionFactory.xml,180000.0,180000.0,oat_seeds,15.0,OAT:150;LIQUIDSEEDTREATMENT:1.2,SEEDS:150,2026.6874999999998,1211.0594999999998,3.75,811.8779999999999,221.70818768337116
FS25_SeedProductionFactory:seedProductionFactory.xml,180000.0,180000.0,maize_seeds,15.0,MAIZE:150;LIQUIDSEEDTREATMENT:1.2,SEEDS:150,2026.6874999999998,875.187,3.75,1147.7504999999996,156.82850933194982
FS25_SeedProductionFactory:seedProductionFactory.xml,180000.0,180000.0,wheat_seeds_rush,75.0,WHEAT:150;LIQUIDSEEDTREATMENT:1.2,SEEDS:150,10133.437499999998,3859.7193749999997,18.75,6254.9681249999985,28.7771250632872
FS25_SeedProductionFactory:seedProductionFactory.xml,180000.0,180000.0,barley_seeds_rush,75.0,BARLEY:150;LIQUIDSEEDTREATMENT:1.2,SEEDS:150,10133.437499999998,3589.494375,18.75,6525.193124999998,27.585390432409625
FS25_SeedProductionFactory:seedProductionFactory.xml,180000.0,180000.0,oat_seeds_rush,75.0,OAT:150;LIQUIDSEEDTREATMENT:1.2,SEEDS:150,10133.437499999998,6055.2975,18.75,4059.3899999999985,44.34163753667425
FS25_SeedProductionFactory:seedProductionFactory.xml,180000.0,180000.0,maize_seeds_rush,75.0,MAIZE:150;LIQUIDSEEDTREATMENT:1.2,SEEDS:150,10133.437499999998,4375.935,18.75,5738.752499999998,31.365701866389962
FS25_fertilizerProductionDS:xml/fertilizerProduction_DS.xml,25000.0,25000.0,FERTILIZER,1.0,MANURE:1000;WATER:100;LIME:100,FERTILIZER:1000,1600.0,65.92166666666667,20.0,1514.0783333333334,16.511695233734052
SiN_MAP_FS25_HobosHollow:placeables/bga/bga250kw.xml,846000.0,846000.0,biogas,1.0,SILAGE:2120,ELECTRICCHARGE:1273;METHANE:2;DIGESTATE:1910,509.5850499999999,256.52,6.3,246.76504999999992,3428.3623227843664
SiN_MAP_FS25_HobosHollow:placeables/bga/bga250kw.xml,846000.0,846000.0,biogasLiquidManure,1.0,LIQUIDMANURE:505,ELECTRICCHARGE:303;METHANE:2;DIGESTATE:455,121.990025,16.692775,6.3,98.99725000000001,8545.691925785817
SiN_MAP_FS25_HobosHollow:placeables/bga/bga250kw.xml,846000.0,846000.0,biogasManure,1.0,MANURE:505,ELECTRICCHARGE:303;METHANE:2;DIGESTATE:455,121.990025,16.692775,6.3,98.99725000000001,8545.691925785817
SiN_MAP_FS25_HobosHollow:placeables/bga/bga250kw.xml,846000.0,846000.0,biogasSugarbeetCut,1.0,SUGARBEET_CUT:253,ELECTRICCHARGE:152;METHANE:2;DIGESTATE:227,61.60348499999999,57.336124999999996,6.3,-2.0326400000000033,
